121.39308,31.11176,仲盛商城南门路边停车位,7,元/次,7元/次,名都路家乐福南门,家乐福莘庄店的南门马路南侧,|LUB|USERFX|SH|,仲盛商城家乐福莘庄店的南门马路南侧停车7元一次随便停，应该是叫做名都路，不过，位置不多，得赶早。
121.39266,31.11204,仲盛商城地下车库,10,元/次,10元/次,仲盛商城南门,进入时能看见保安，问他里面有位吗，他都会帮忙找的,|DXK|GWZX|SH|,仲盛商城南门地下一层进，能看见保安，你问他里面有位吗，他都会给你找的，10元随便停。我就是这样的，路面双休基本找不到车位，地下又不方便。
121.39487,31.1184,宝城路梅陇西路停车场,10,元/次,10元/次，5元不要发票可以商量,梅陇西路2046号,宝城路梅陇西路交叉口西南角，靠近莘庄地铁南广场,|DM|USERFX|SH|,莘庄地铁南广场宝城路梅陇西路交叉口西南角，10块停一天，5块不给发票可以商量，正规地面停车场，附近吃饭的地方好多。
121.39515,31.11296,百盛|GWZX|地面停车场,10,元/次,不要发票10元/次,都市路5001号,百盛门口，地下车库旁边,|DM|USERFX|GWZX|SH|,百盛门口的地上停车场(地下车库旁边，百盛门前)和保安说一下不要票10元随便停。
121.52517,31.27996,新华医院,5,元/小时,5元/小时,,入口在边上江浦路，早上8点半后才可以进入,|SH|YY|, 新华医院正门是不让进的，不用考虑，真正的停车场入口在边上江浦路，早上8点半后才可以进入，停车费5元一小时，还是挺便宜的。
121.24385,31.3969,嘉定北站P＋R,3,元/小时,首小时3元，超过后1元/小时，封顶10元/次，但必须坐地铁并用交通卡支付，否则5元/小时,,,|SH|,嘉定北站的停车场，第一小时三元，以后每小时一元，很便宜，一般都有车位的。不过，一定要坐地铁并使用上海交通卡支付，这样封顶10元，否则是5元/小时。
121.46732,31.22666,锦江饭店,20,元/次,不要票20元/次，但不能过夜,,,|SH|, 算是淮海路茂名路附近的便宜的停车场，可以砍价，你就说20元不要票，就说看电影或吃饭。拿了钱就不再管你了，20元可以停一天，但他们有立黑名单，千万别过夜，否则就进黑名单。
121.35244,31.1466,凯斯汽配城,3,元/小时,一小时内免费，超过后3元/小时,,,|SH|,闵行的凯斯汽配城一小时内免费，超过一小时每小时3元，感觉还是很划算的，不贵。
121.61001,31.22057,哈雷路,10,元/次,10元/次,,,|SH|, 哈雷路上很多免费停车位，就在中芯国际和日月光封装测试公司中间的路上，得早点去，8点前很多位置。（网友最新更新：价格更新为10元/次）
121.12323,31.15601,青浦中医医院,5,元/次,5元/次,,,|SH|YY|, 就停中医院停车场，5元随便停，停一天都可以，很划算！
121.30752,31.19543,徐泾东地铁站,5,元/次,5元/次，过夜加5元,,,|SH|, 徐泾东地铁站停车场一天5元，过夜加5元，感觉还算是划算吧，虽然不是免费的，起码安全吧，四周都有铁丝网还有监控。
121.45363,31.19457,爱建城,10,元/次,跟保安谈谈，可以10元/次,,,|SH|, 爱建城，停车跟保安扯扯10块随便停，步行到天钥桥路腾飞大厦7到8分钟。
121.52901,31.23368,长航医院,10,元/次,10元/次,,,|SH|YY|, 长航医院，挺便宜的，10块钱不限时，崂山路与张杨路西南角，附近是江苏大厦九六广场长航大厦。
121.49893,31.17801,上钢小区,10,元/次,10元/次,,,|SH|XQ|, 老小区，外来车辆随便进，出门10元，爱停多久是多久，注意挑个非主干道的车位，免得被来往行人车辆刮到车。
121.54797,31.22357,上海科技馆,10,元/次,10元/次,,,|SH|LYJD|, 经常带孩子去这里玩，感觉还不错，露天停车场10块钱不限时，带小孩去很合适，看和玩的东西都挺多的，能学到不少东西，数据传输和地震都不错。
121.40624,31.21978,古北路,10,元/次,10元/次,,,|SH|, 古北路在天山路和天山支路之间有一段允许停车的地方，浙商银行长宁支行旁边， 10块一次，不限时，走过去茅台路大概5分钟。
121.53032,31.21037,环龙路,10,元/小时,10元/小时，封顶20元,,,|SH|, 上海儿童医学中心东边的环龙路，北边的北园路，路边都可以停车，有人收费，10元每小时，20元封顶，对于要停大半天的朋友来说，还是不错的，希望各位爸爸妈妈用得上。
121.40503,31.22027,芙蓉江路电脑城边的小区,5,元/次,5元/次,,,|SH|XQ|, 天山支路靠近古北路口菜场（美天古蓉菜场）旁边那个小区，我家在这里，给门卫5块钱就行，可能向你要10块，别给他。
121.51848,31.3106,大学路智星路,20,元/次,20元/次,,,|SH|, 政通路北边的的大学路/智星路，一天20块，这是我上班停车的地方，有看车的，走路到万达也就5分钟，感觉很划算，比楼里便宜很多。
121.5219,31.30451,蓝天宾馆,10,元/次,10元/次,,,|SH|JD|, 四平路原蓝天宾馆10元不限时，去五角场万达或者东方商厦可以停这里，这里只要10元，周边路边一般都是20元。
121.51936,31.23778,陆家嘴东园新村,10,元/次,10元/次,,,|SH|XQ|, 东昌路东园新村小区停车10元畅停，能停一天，附近有世界广场海光大厦等，算是陆家嘴附近很便宜的停车的地方了。
121.43848,31.18422,宜家家居(漕溪路店),10,元/次,10元/次。周一到周五买满100元可免停车费，周六日要买满600元。,,,|SH|GWZX|, 漕溪路宜家的地下停车场，10元随便停，不按小时算，停车场也够大，不怕没车位。另外，周一到周五买满100可免停车费，周六日好像是要买满600。
121.4075,31.21011,日本领事馆的万山路,20,元/次,20元/次,,,|SH|, 去世贸商城最方便的还是就是日本和韩国领事馆所在的马路，20元一天，在兴义路/万山路的万山路上，走过去世贸也就几分钟，每次去都是停那里。
121.47473,31.21597,建德小区,5,元/次,5元/次,,,|SH|XQ|, 去瑞金医院可以停旁边的建德小区内，5元或10元，看你跟保安砍价了，离医院也很近。医院地下停车场要早去，9元/小时。思南路千万不能停，经常会有贴条的。
121.42968,31.18305,市六医院宜山路门诊对面小区,4,元/小时,4元/小时,,,|SH|, 第六人民医院车位很紧张，除非赶大早，或者停在急救中心那边，但是价格太高，30元/小时，所以我一般停在宜山路门诊对面的小区，是4元一小时，位育中学那个弄堂也一样。
121.44225,31.29064,万荣小区,5,元/次,5元/次,,,|SH|XQ|, 永和路/彭越浦路，我家所在小区，万荣小区5元钱每次，如果你停在小区中间的路上，还不收费。
121.43478,31.29399,阳城美景,5,元/次,5元/次,,,|SH|, 汶水路/高平路的阳城美景里面，中华路南边，一天5块，很划算。
121.49218,31.21009,西凌小区,3,元/小时,3元/小时,,,|SH|XQ|, 去九院不要停在瞿溪路上，很有可能吃罚单，可以停在九院北边的西凌小区，3元/小时，走过去也就几分钟，很方便。因为小区管理不是很严，所以价格不一定是3元，但不会浮动太大，肯定比路边便宜很多。
121.53446,31.22637,潍坊八村,15,元/次,15元/次,,,|SH|XQ|, 浦电路上的潍坊八村停车方便，停车费标准为15元/次，去陆家嘴软件园的朋友可以停在这里，附近有钱江大厦宝钢大厦中达广场等等。
121.42511,31.24858,绿叶小区,5,元/次,1小时内免费，5元/次,,,|SH|, 武宁路中山北路口西北方向的绿叶小区，5元一次能停一整天，1小时内不收费。
121.38959,31.2514,中环百联,5,元/小时,2小时内免费，超过后5元/小时,,,|SH|, 两小时内免费，超过两小时后，5元/小时，这里有购物广场中环影城和国美电器。
121.47066,31.21069,卢湾体育馆,20,元/次,首1个半小时内10元，封顶20元,,,|SH|, 卢湾体育馆，10块钱能停一个半小时，20块随便停，去瑞金医院牙防所瑞金商务中心可以停这里，比较方便。
121.45079,31.20613,建工锦江大酒店,10,元/次,10元/次,,,|SH|, 建国西路/宛平路东南的建工锦江大酒店，十元一次，这里很多吃饭的地方，附近有徐家汇公园衡山公园，稍微远一点是美罗城。
121.46189,31.22764,四方新城小区,5,元/小时,5元/小时,,,|SH|, 前段时间老婆生小孩，在长乐路上海市第一妇婴保健院那边，在巨鹿路上有一个四方新城小区，每小时5元，我自己一个人跑来跑去就停这里，比较方便，不用等，价格也便宜。
121.43609,31.27171,新黄小区,5,元/次,5元/次,,,|SH|, 停在新村路/志丹路西南角的黄陵路200弄（新黄小区）里，5元一天，东门出去走到对面的同济医院也就3分钟，挺方便的。
121.48931,31.21502,制造局路园林局,10,元/次,10元/次,,,|SH|, 去红房子复旦大学妇产科医院的话，陆家浜路上有一些停车的，比较贵，10元一小时。如果去的早在制造局路上有个园林局，只要里面有空位的话，给个10元～15元就行了，不按小时算了，沿着制造局路往北走过去也很近。
121.45614,31.19493,龙华医院,5,元/小时,5元/小时,,,|SH|YY|, 四号线沿线，宛平南路/零陵路东南角的龙华医院，医院里的停车场，5元一小时，还算是便宜吧，不过要早点去。
121.52063,31.30875,江湾体育场,5,元/小时,5元/小时,,,|SH|, 平时去五角场逛的话，没有车位我就停到政通路/淞沪路的江湾体育场里面，车位比较宽敞，技术不太好的我也不怕，10块钱畅停，觉得很划算。（据本站网友消息，价格改为5元/小时）
121.55191,31.27619,珠江香樟园,10,元/次,10元/次,,,|SH|, 平凉路1814号牙防所沿着平凉路往东过红绿灯，珠江香樟园，10元畅停，走过去也就几分钟，感觉还是不错的。
121.4851,31.24535,科技京城,20,元/次,双休日20元/次，工作日10元/小时,,,|SH|, 南京路步行街附近有个科技京城可以停车，我去过几次，都是给了保安20元随便停，还是很好说话的，在这个地方算是比较便宜的吧。（据本站网友情报：双休日可以停，工作日10元/小时）
121.50074,31.19441,奔驰文化中心地下车库,10,元/首3小时,1-3小时10元，3-5小时20元，5-8小时30元，8小时以上40元,,,|SH|, 奔驰文化中心有地下车库的，10元随便停，没时间限制，经常去那边看电影。车位很多，但是车子也多，不过一般都能找到空位，感觉那里吃的东西挺多，不过不便宜啊。（本站网友情报：1-3小时10元，3-5小时20元，5-8小时30元，8小时以上40元）
121.43237,31.22487,愚园路1203弄小区,10,元/次,10元/次,,,|SH|XQ|, 以前在附近的绿地商务大厦上班，就停在愚园路/安西路的愚园路1203弄小区，10块钱一天，感觉还可以，比较划算吧。
121.49065,31.2669,第一人民医院分院地下车库,10,元/次,10元/次,,,|SH|, 四川北路/溧阳路这里有个第一人民医院分院，以前叫做第四人民医院。有个地下车库，有保安，说一下，客气点，能给根烟就最好了，10块钱随便你停。
121.43745,31.02389,上海交通大学（闵行校区）,4,元/小时,4元/小时，封顶32元/天,,,|SH|, 闵行交大校区以前是不收费的，后来开始收费了，4元每小时，一天之内32元封顶，还行吧，不算便宜也不算贵。
121.50251,31.25611,北外滩西安路,10,元/次,10元/次,,,|SH|, 旅顺路和商丘路中间那段西安路，10块钱可以停一天，如果你晚上去取车，看车人走了，还能免费停，不过不提倡这个，不是很道德。长期停的话，可以跟他砍价。
121.432,31.26993,安塞小区,5,元/次,5元/次,,,|SH|, 去宜君路的话，就停80弄（安塞小区），5块钱一次，不要停宜君路的路边，太贵，7块一小时，然后是半小时4块，停一天得一百块钱。
121.44207,31.37264,世华佳苑,2,元/次,2元/次,,,|SH|, 杨鑫路上的世华佳苑停车每次2元，不限时间。走到1号线宝安公路站5分钟，附近还有百联北|GWZX|，苏宁电器等。
121.4177,31.27849,大华第一坊,7,元/小时,首两小时内免费，超过后7元/小时,,,|SH|, 大华二路/真华路的大华第一坊，首两小时免费，接下来每小时收费7元。两小时免费很划算，吃饭足够用了，附近吃饭玩的的地方很多，辛香汇好乐迪等等。
121.5259,31.213,浦逸路路边停车位,10,元/小时,10元/小时，20元封顶,,,|SH|, 上次去儿童医学中心，就停在浦逸路，澳丽花苑的东边，整条路的一侧都画有正规停车线，很长的一条路，而且免费，去医学中心的话，稍微多走些路。（网友最新更新：10元/小时，20元封顶）
121.43597,31.21796,莫泰268酒店,10,元/次,10元/次,,,|SH|, 龙之梦大厦对面，延安西路西侧的莫泰268酒店停车，每次10元，附近有很多吃饭的地方。
121.62482,31.21594,广兰路地铁站,10,元/次,10元/次,,,|SH|, 广兰路地铁站西侧的停车场可以免费停车，停车场满了的话，祖冲之断头路也可以停车。附近的小路也可以免费停，不放心的话，也可以停在阳光花城，5块钱一次，不过要走一段。（据本站网友消息，已收费，10元/次，且阳光花城换了物业，现在已经改为5元/小时，20元/12小时。）
121.59855,31.2089,牛顿路,10,元/次,10元/次,,,|SH|, 金科路地铁站附近，牛顿路路旁有免费停车位，画了格子，路两侧都有。不过，停的车也不少，另外，哈雷路那边也有格子，同样，停的车也不少。（根据本站网友消息，更新为工作日10元/次，晚上及周末免费）
121.57737,31.12218,万达广场周浦店对面露天停车场,10,元/次,10元/次,,,|SH|, 周浦万达广场里面停车虽然不贵，但也不算便宜，所以推荐对面的露天停车场，很大的停车场，10元畅停，只不过那里都是石子路。此外，万达马路对面的银行门口还可以的，就是位子少。
121.54601,31.2717,沪东工人文化宫,10,元/次,10元/次,,,|SH|, 平凉路的沪东工人文化宫，地方还是很大，门口是个大广场，里面还有露天停车场，每次只要10元，旁边有电影院和饭店，还是非常方便的。
121.44575,31.21382,世界小学边上弄堂,20,元/次,20元/次,,,|SH|, 武康路区域是真正的铂金地段，停车极其困难，但在世界小学旁边的弄堂20元每次，还可以还价，附近有很多小资情调的场所。
121.56756,31.24622,崮山小区三街坊和四街坊,5,元/次,5元/次,,,|SH|XQ|, 德平路地铁站西边的崮山小区三街坊和四街坊都是可以对外停车的，在张杨路/罗山路上，只要5元/次，还是非常实惠的。
121.52845,31.22485,南泉大楼,4,元/次,4元/次，但不能过夜,,,|SH|, 南泉大楼内的停车位是对外开放的，每次只要4元，就是不能过夜，相信对不住在附近的人来，这点也无所谓的，价格也非常的实惠！
121.5383,31.31289,翔殷路地铁站附近的工商银行门口,10,元/次,10元/次,,,|SH|, 翔殷路地铁站4号出口往北100米，中原路路西的工商银行门前可以停车，停车费是10元/天，大概有二三十个车位。除了去地铁站，去长海医院也可以停着里，然后从医院的东门进，也很方便。医院里停车费比较贵，大概要40元/天。
121.53479,31.31564,上海体院的综合馆,15,元/次,15元/次,,,|SH|, 长海医院2号门，也就是长海路上的正门，对面是上海体院的综合馆，15元停一天，拿票后可随意进出，过夜的话另算，如果停医院里，一天要40左右。入口正好就在长海医院的门口对面往西四五十米，很近，对面是个建设银行。
121.5944,31.21397,科苑大楼,5,元/次,5元/次,,,|SH|, 科苑路/碧波路的科苑大楼停车，可以停在隔壁的胡姬花园，5元一天，跟保安说是科苑大楼上班的就行。碧波路和科苑路上都有门可以进，还是很划算的。
121.59223,31.21134,张江大厦边的春晓路,10,元/次,10元/次,,,|SH|, 张江大厦旁边的春晓路和松涛路上都有划线的停车位，10元/天，不过九点后春晓路要靠碧波路才有位子，离松涛路有点距离了。离张江地铁站也比较远了。
121.45091,31.33192,家乐福(共江店),4,元/小时,4元/小时,,,|SH|, 地下是室内停车场，楼顶是室外停车场，都是免费的。地下的停车场偏小经常爆满，楼顶大很多，经常比较空。不开车的话，坐免费班车也是个不错的办法。此外，要注意，停车场不是24小时的，所以，要赶在家乐福打烊前取车。(据P司机用户消息：已收费，4元/小时)
121.53105,31.16696,家乐福（新里城店）,1,元/小时,1元/小时,,,|SH|, 家乐福新里城店（高青路店），高青路近杨高南路。 地下车库，无需购物，一直免费，不限时间。 周末停车位较紧张， 出入口分开。 另还有楼顶上的停车场，也很大，车位充足。（价格更新为1元/小时）
121.52641,31.23404,东明小区,10,元/次,10元/次,,,|SH|, 张杨路的八佰伴第一食品商店对面的东明小区，每次给10元就差不多了，保安会问你停多久，你回答说大概一个多小时就行了。另外，如果是旁边的全家酒店拐进去的露天停车场，一次性要给20元。
121.51744,31.3148,杨浦公安出入境登记处,10,元/次,10元/次,,,|SH|, 淞沪路605号的杨浦公安出入境登记处的停车场，对外开放，昨天去停了下，10元可以停一天，也可过夜，如果时间短，和保安说下可以弄到5元，感觉这个是承包给个人的停车场，所以价钱都好商量。
121.40366,31.14363,复旦大学附属儿科医院,10,元/次,10元/次,,万源路是单行道，所以要从顾戴路进去然后过了望族新苑后那个红绿灯(左边是永和大王)再左转就是了,|SH|, 万源路上的儿科医院，东边的平阳路边可以停车，停车费标准是白天7元/次，晚上一般都没人收费。另外，万源路是单行道，所以要从顾戴路进去然后过了望族新苑后那个红绿灯(左边是永和大王)再左转就是了。（据本站网友消息，价格改为10元/次）
121.55456,31.21667,绿缘公寓,5,元/次,5元/次,,,|SH|, 去世纪公园的话，可以停在绿缘公寓，每次只要5元，比停在公园的停车场每次10元还是要便宜不少的，从花木路上的绿缘公寓北门进，只要稍微走点路就可以。
121.44788,31.19971,美罗城,10,元/次,10元/次,,,|SH|, 天钥桥路百脑汇对面的科汇小区，入口就在天钥桥路上，你开进去和保安说看中医的，有位子的话就可以停，只收10元，在徐家汇来说，算是很便宜的了。另外，马路对面就是美罗城，北边是煤科大厦汇金广场等。
121.53241,31.22613,承源广场,10,元/次,10元/次,,,|SH|, 崂山路浦电路路口的承源广场停一天只要10元，如果是晚上去吃饭停进去的话，不要票可以砍到5元一次。附近有搓麻将的地方，还有很多放点。娱乐点蛮多的。
121.49819,31.27706,德阳花苑,5,元/次,5元/次,,,|SH|, 曲阳路/祥德路上，同学住那个小区，进去停过。从祥德路那个门进去的，每次只要5元，离鲁迅公园还是很近的，附近也有很多吃饭的地方，尽量别过夜。
121.50918,31.23846,汤臣一品东门的陆家嘴环路,30,元/次,30元/次,,,|SH|, 汤臣一品东门的陆家嘴环路，从拾步街路口至花园石桥路路口这段，全段30元畅停。但基本被周围写字楼上班族停满，早8点半至晚17点偶有空位。价格虽高，但因为19点以后收费员下班，所以，你懂的。
121.53941,31.29679,延吉七村,5,元/次,5元/次,,,|SH|, 黄兴公园旁边的延吉七村，从松花江路北门进去，出来时收费，一天5元，小区很大，道路也不是特别窄的那种，都是环形道路，不用倒车出来。车位较充足，外来车辆早点进来的话，过夜也没问题。周边有黄兴公园，靖宇东路商业街。
121.55598,31.21517,梅花路道路停车位,20,元/次,20元/次,,,|SH|, 浦东梅花路上靠近海桐路这一段，两边都划了不少车位线，白天有人管理，晚上管理员下班后，就变成免费停车了，附近有世纪公园7号门世纪联华大卖场，停好车走过去都很近。
121.44165,31.1887,华亭宾馆后面,10,元/次,10元/次,,,|SH|, 漕溪北路从快客便利店旁拐进去的华亭宾馆后面有一个很大的停车场，可以停数百辆车，10元/次，很划算。而且，如果运气好的话，有空位的话，可以停在停车场门口的通道两旁，免费停，警察也不会管的。
121.46813,31.25215,上海火车站边的蕃瓜弄,10,元/次,10元/次,,从天目路转盘下来，沿着天目路走就可以拐进去了，然后停好车后，边门出来，走秣凌路到南广场,|SH|,天目中路立交桥西北角的蕃瓜弄，适合去火车站要长期或者过夜停车的朋友们，过夜只需要10元/次，这个地方我感觉是最适合火车站过夜停车的地方了。
121.52443,31.30765,财富广场门口的国庠路,20,元/次,20元/次,,,|SH|, 财富广场门口的国痒路上，可以停车，虽然没有画格子，但是有人看管收费。所以，不会被抄牌，停车费标准是15元/次，还算便宜。从这里去万达大西洋百货等地方也不远。（网友最新更新，价格调整为20）
121.52671,31.30482,国定东路,10,元/次,10元/次,,,|SH|, 国定东路的绿地商务楼一直到格林豪泰快捷酒店的商户门口，有正规的划线停车位，停车费标准为10元/次。在五角场地区，算是性价比比较高的了。
121.51489,31.30485,复旦大学新闻学院,10,元/首4小时,首4小时内10元，超过后封顶20元,,建议从国定路上进，也就是西门。出口在邯郸路上，也就是南门。,|SH|, 五角场附近的复旦大学新闻学院，停车费四个小时内是10元，超出的话，就是20元。
121.53542,31.24392,梅园七街坊,5,元/次,5元/次,,入口在乳山路上，地图标记的地方,|SH|, 陆家嘴地区，浦东大道南边，乳山路/源深路的梅园七街坊，每次停车5元。附近有源深体育中心地铁站华辰金融大厦，以及几个高档住宅小区。
121.51494,31.26181,提篮桥监狱后门,20,元/次,20元/次,,,|SH|, 提篮桥监狱后门，虹口区昆明路上，探监好像排队的地方貌似，沿街很多收费停车，停车位的上方就是一排排铁窗。早6点--晚7点，说是监狱里面工作的，全天停20元，停几天也都20，不说监狱里工作的要30元。
121.52831,31.32194,中原城市广场,5,元/小时,周五到周日：首停3小时5元，超过后5元/小时。在里面联华超市购物超过60元，免费2小时。,国和路777号(近民庆路),,|SH|,
121.78436,31.18407,惠民停车场,90,元/首天,室外加车衣的话是65+15/天，室内是70+20/天,,,|SH|, 浦东国际机场附近的惠民停车场，室外加车衣的话是65+15/天，室内是70+20/天。比停在浦东机场便宜很多，虽然离机场有段距离，但是这个停车场服务很到位，还提供24小时免费接送服务，所以，还是很划算的。
121.53266,31.21621,蓝村路地铁站边小区,5,元/次,5元/次,,,|SH|, 蓝村路地铁站西边一点的小区，离地铁站很近，停车费标准是5元/次。白天一般都有地方，下班后就不好停了，走到地铁站也就七八分钟。如果是停地铁站附近的路边的话，按小时算就很贵了，所以还是这里好，虽然多走几步。
121.51693,31.2066,东三小区,15,元/次,15元/次,,,|SH|, 东三里桥路的东三小区，停车性价比还可以，15元/次，虽然在小区里来说不算便宜的，但起码比路边便宜好多。入口在东三里桥路，白天很好找车位，晚上下班后业主回来了，就很紧张。东边是浦东南路，北边是世博大道。
121.48148,31.24322,六合大厦,25,元/次,25元/次,,,|SH|LTCK|, 人民广场北边，芝罘路路口一个叫六合大厦的，立体停车库，可以跟保安谈价格。一般来说我都是下午一点左右到晚上八点左右，不要票的话，能砍到25元/次，走到人民广场大概10分钟。人民广场附近别的地方一般都是10元或者15元一小时。
121.49142,31.25933,衡水路,15,元/次,15元/次,,,|SH|, 去四川北路公园，或者地铁站附近的话，可以停在四川北路公园南面的衡水路，有人看管的路边停车，10元或者20元，看你时间长短了，这里就写个15吧。另外，去旁边的中信泰富也可以停在这里。
121.40573,31.23566,长风四村,5,元/次,5元/次,,,|SH|, 去长风公园的朋友可以停在北边的长风四村小区，停车费只要5元/次，而且小区出来就是长风公园的三号门，很是方便。而且，停小区里比停路边要安全很多，一是不被抄牌，二是被划的风险小。另外，附近的乐购也可以停车。
121.49095,31.2755,甜爱路,15,元/次,15元/次,,,|SH|, 鲁迅公园旁边的甜爱路北段是有停车格子线的，要看时间长短，时间长的一天封顶20，时间短的是10元，所以就写15了，同样如果是停在甜爱支路上，就是20到40不等了，因为那里离四川北路更近，所以就多走100米左右可以省一半的钱，大家按需来停。
121.45893,31.2412,艺海剧院,20,元/次,20元/次,,,|SH|, 江宁路466号的艺海剧院门口是可以停车的，无论多长时间，每次20元，看话剧经常停那，那附近也有很多吃饭的地方，所以不看话剧也可以停过去，在静安区这样的繁华地段，这样的价格还是蛮便宜的了。
121.54827,31.22884,东方艺术中心,10,元/次,10元/次,,,|SH|, 丁香路425号东方艺术中心的东怡停车场每次10元，就是晚上又演出的时候位子比较紧张，从这里去上海科技馆地铁站以及浦东新区政府都比较近。
121.43561,31.19539,宜山路250弄小区,5,元/次,5元/次,宜山路250弄,,|SH|, 徐汇区的宜山路250弄，靠近南丹路，徐汇区法院后面的老小区，停车可以跟保安砍价，一般给5块到10块就可以了，走到宜山路地铁站也大概七八分钟，离港汇广场稍远，大概要走十几分钟。
121.43447,31.20581,455医院,10,元/次,10元/次,淮海西路338号,,|SH|YY|, 淮海西路338号的455医院，每次10元畅停，淮海西路上就有入口，往西500米是虹桥路地铁站4号口。附近有上海交通大学附属胸科医院上海交通大学徐汇校区淮海花园上海港华医院等。
121.49191,31.20845,上海九院,5,元/小时,5元/小时,,,|SH|YY|, 名气很大，当然就很忙的医院。每次去都有很多人，好多都是来整形拔牙的。车位很紧张，去晚了就不让进，只能停医院大门斜对过的马路里有个停车场，3个小时20元。九院自己的停车场比较便宜，5元/小时。另外，附近小区也可以停，我之前已经分享在P司机上了。
121.16879,31.29348,嘉亭荟,6,元/小时,6元/小时,,,|SH|, 地铁11号线安亭站的嘉亭荟城市生活广场，唱歌吃饭看电影买东西都很方便。因为环境上非常好，现在还是免费停车，是地下停车场，还按颜色分片区。（网友最新更新，周一到周四，前二小时免费，超过后每小时6元，周五六日，全天每小时6元）
121.56399,31.21592,梅花路/银霄路,20,元/次,20元/次,,,|SH|, 银霄路近梅花路的路边有收费停车位，停车费为10元/次，包月150，周边有浦东嘉里城世纪公园国展中心喜马拉雅中心。另外，与该点相邻的梅花路要20元/次。（网友最新更新：价格调整为20元）
121.55012,31.21464,梅花路/牡丹路,10,元/次,10元/次,,,|SH|, 牡丹路梅花路的交叉口，花木社区文化中心往东的梅花路路边有划正规的停车位，10块钱/次随便停。我常停在这里，感觉比在附近找个老小区停车要方便，而且也不贵。附近有世纪公园建平世纪中学等。
121.48223,31.27542,同鸣路,20,元/次,20元/次,,,|SH|, 同鸣路的路边停车位，离虹口龙之梦比较近的一个马路停车场，10元畅停，马路单侧有划线的停车位。玩一天停这里的话，还是比较划算的，算是附近很便宜的停车场了。（网友最新更新，价格更新为20元/次）
121.50107,31.22057,明日星城,10,元/次,10元/次,,,|SH|, 在黄浦区这样的黄金地段，停车只有找小区了，明日星城首小时是免费的，超过的话，封顶是10元/次。附近有很多吃饭的地方，还算便宜。
121.42013,31.21941,长宁妇幼保健院,5,元/小时,5元/小时,,,|SH|, 长宁妇幼保健院旁边的体操中心，大型体育场，天热里面还可以游泳，停车位比较空。一直陪老婆到边上的长妇幼做产检，习惯了停在这里，觉得价格还不错。停车场入口在中山西路上，出口在武夷路。
121.52169,31.2799,双辽路控江路,10,元/次,10元/次,,,|SH|, 双辽路控江路口，停上街沿，停车位还是很多的，可以跟收费员讲价到10元/次。停在这里，最方便的是可以去新华医院看病，新华医院附近停路边容易被贴条，医院里面很难有空位，除非很早很早去。另外，这里离江浦路地铁站也很近。
121.52542,31.28003,江浦路地铁站,10,元/次,10元/次,,,|SH|, 江浦路地铁站一号口，泰晤士面包房和彩虹坊当中的弄堂，开进去的地面有一些车位，可以停，10元/2小时。如果停满的话，往里开，地下车库20元随便停。但是，五点之前要开走，因为小区业主要下班回来了。去新华医院和江浦路地铁站可以停在这里。
121.47724,31.21141,金玉兰广场,20,元/次,20元/次,,,|SH|, 日月光的停车费比较贵，第一个小时内不管停多久都是10元，以后以半小时5元计算，比较坑爹的是，里面的大部分商户都没有消费抵扣停车费的优惠政策。日月光斜对面的金玉兰广场就好很多，20元随便停，只要穿条马路就到了，很划算，附近还有打浦桥地铁站。
121.5411,31.23779,源深体育中心,5,元/次,5元/次,,,|SH|, 现在每周都会去一次源深体育中心，主要是打保龄球。球馆挺大的，比较干净，工作人员也比较客气。另外也有专门放球的箱子，也可定制专属保龄球。上次去看车展，也是停在源深体育中心，坐短驳车去，停车费用前3小时5元，超3小时后每小时5元，收费还是很划算的。
121.56721,31.21383,新国际博览中心,10,元/次,10元/次,,,|SH|, 如果是工作日去新国际博览中心的话，可以停附近的大唐国际小区，或者其他类似小区，10块/天。如果是周末节假日的话，可以停到芳甸路花木路口的世纪公园的边门，那个门平时不开，是个收费停车场，20块/天，也不贵。之前去新国际博览中心看车展，我就是停在这两个地方。
121.56302,31.21138,龙阳路地铁站,10,元/次,10元/次,,,|SH|, 这里是麦德龙的停车场，可以免费停车，从龙阳路转地铁非常方便，出门就是地铁站。偶尔保安会要购物发票，去里面买瓶水就可以了，大部分时候保安也不管的，停车位非常多。（网友最新更新，价格更新为10元/次）
121.5236,31.21307,浦庭路浦润路,10,元/次,10元/小时,,,|SH|, 浦庭路/浦润路上划了很多停车位，可以免费停，去巴黎春天购物很方便，2分钟就到了。旁边有仁济东院和浦东儿童医学中心，都非常近。（据最新网友消息：10元/小时，20元封顶）
121.49062,31.21495,陆家浜路,10,元/次,10元/次,,,|SH|, 陆家浜路地铁站附近丽园路上的黄浦新苑小区，停一天是10元，比较适合在附近上班或者办事的朋友，从南门进，也就是丽园路上的门。附近有复旦大学附属妇产科医院陆家浜大楼丽园公园等。
121.59893,31.19333,张江曙光医院,4,元/小时,4元/小时,,,|SH|, 曙光医院露天的停车场，半小时内免费，一个小时4元，32元封顶。只是院内车位不多，加上还有很多出租车，有时候挺难找车位的。这家医院整体给人感觉也很好，可能由于地理位置的原因，周六人也不算特别多，停车费也就相对便宜。感觉挂号费比其他家便宜，挂了几次专家号，20多。
121.51084,31.29709,政修路/国权路,10,元/次,10元/次,,,|SH|, 政修路靠近国权路，在复旦大学正大体育馆后面，复旦第四宿舍旁边，有个大空地，是停车场，每次只要10元。停车场最里面就是复旦正大体育馆的后门，去复旦南区宿舍停那比较近，注意国权路是北向南的单行道。
121.56142,31.20663,龙汇路/白杨路,10,元/次,10元/次,,,|SH|, 龙汇路白杨路以西，一直到沪南路都是有画了格子的停车位的，有人看管。附近有很多吃饭的地方，每次10元。不过如果你上下班开车到那，再坐地铁的话，看车的人会识别出，可能要你15元，就看你的水平的，每个月给包香烟，搞好关系，可以砍刀10元一次。
121.5897,31.20587,张江高科,2,元/小时,2元/小时,,,|SH|, 张江高科附近的张江微电子港，前半小时免费，首小时4元，以后每小时2元。对面的传奇广场，晚上来吃饭的车很多，基本上停不到位子，而且要每小时5元，不如停到对面的微电子港，晚上下班了，这里的停车位空得一塌糊涂，好停又便宜！
121.42419,31.22529,长宁龙之梦,10,元/次,10元/次,,,|SH|, 长宁区龙之梦|GWZX|东边的汇川路上的滋味轩旁边，地面或者地下都可以停车，有个阿姨收费，不要票的话，可以讲到10块三个小时。离龙之梦|GWZX|很近，里中山公园地铁站也很近，这个价格在这个地段还算是便宜的吧，而且不用怎么步行。
121.45685,31.28044,宁和小区,5,元/次,5元/次,,,|SH|, 大宁路的大润发对面的小区，宁和小区，停车费每次只要5元，随便停，我家就住这里。入口就在小区北门，也就是大润发对面的门，很好找。附近有延长路地铁站大宁灵石公园第十人民医院上海大学延长校区等。
121.45333,31.28469,大宁灵石公园,6,元/小时,6元/小时,,,|SH|, 周末经常带孩子去这里玩。大宁灵石公园门票只要2元，如果能7点前去，还免门票。最喜欢的是白沙滩，很适合孩子玩，适合家庭游玩，其他游乐设施少了点，很多都废弃了。停车比较便宜，公园门口就能停，10元/次，还是很便宜的。（网友最新更新：2014-7-14涨价了，6元/小时）
121.6026,31.20532,金科路地铁站,4,元/次,4元/次,,,|SH|, 金科路地铁站附近的汤臣豪园三期，晨晖路金科路上，停车方便，外部车辆也可以进，价格也便宜。随便报个楼号，就可以了。每次是4元，只要不出小区，停一个礼拜也是4元，还是很划算的。附近也有一些免费停车的路边，但是需要早去。
121.54209,31.27098,龙泽大厦,10,元/次,10元/次,,,|SH|, 宁国路靠近河间路的龙泽大厦，停车是10元一次，哪怕是地下停车库也是10元，这在地下停车库里算是绝对便宜的了。龙泽大厦有很多办公楼，一层还有大名鼎鼎的奢华饭店”海鲜滋造“不过价格不菲。
121.51744,31.28692,同济大学,10,元/次,10元/次,,,|SH|, 同济大学停车比较麻烦，没停车证不给进的，停门口的赤峰路的话，5元/小时。如果时间长的话，大家可以考虑停东边的同济迎宾馆，一天10元。沿着彰武路往东，过鞍山支路以后，左手边能看见宾馆的指示牌，顺着指示牌往里走就是了。停在这里比较安全，离同济大学也不算远。
121.4408,31.24312,沙田大厦,20,元/次,20元/次,,,|SH|, 长寿路的沙田大厦后面的一块空地，有个收费场，很多车都停在那里，价格也便宜，每次只要10元。要注意不是小区里的那个停车场，那个比较贵。附近有长乐大厦国鑫大厦长寿医院亚新广场等。（网友最新更新：价格调整为20元）
121.50938,31.24817,东方明珠,10,元/次,10元/次,,,|SH|, 东方明珠附近一般都是，第一个小时15，然后10元/小时，价格比较贵，长时间停承受不起。大家可以停到星展银行附近的地面停车场，东方明珠东北方向的滨江大道旁。具体位置不太好形容，直接看地图上标注的地图吧。停过很多次，都是10元/次。(更新：周末10元，工作日40元)
121.63059,31.216,阳光花城,20,元/次,20元/次,,,|SH|, 广兰路地铁站旁边的阳光花城，我住过的小区，5元停车不限时，进去后随便报个楼号即可。停好车后，步行从北边小门走到广兰路地铁站只需3分钟，很是方便。（网友最新更新：价格调整为5元/小时，20元/12小时）
121.56381,31.24708,翡翠湾公寓,5,元/次,5元/次,,,|SH|, 泾南路上的翡翠湾公寓是可以停车的，5元一次，如果大早上去的，要价10元，可以不要票砍到5元。停了几次，保安还是很好说话的人，附近张扬路上有很多洗脚，吃饭的地方，停这比较安全。
121.50039,31.19199,中华艺术宫,20,元/次,20元/次,,,|SH|, 私家车去中华艺术宫可以停在中国馆的地下停车场，20元可以从早8点半直到下午4点，也就是能停一白天，还是很划算的，离中华艺术馆地铁站世博路梅赛德斯文化中心很近。
121.52764,31.20494,东方电视台,4,元/次,4元/次,,,|SH|, 去东方电视台参加活动当观众的时候，就停在对面的东方城市花园二期的小区里面，在东方路龙阳路上。小区停车费都很便宜，每次走的时候给4块钱就行了。入口在东方路上，很好找的，还是很划算的。
121.44468,31.24515,亚新生活广场,10,元/次,10元/次,,,|SH|, 长寿路的亚新生活广场人气越来越差，虽然挨着长寿路地铁站，但是东西有点落伍，停车费还是比较贵，要10元/小时。可以停在附近的新会路叶家宅南路，只要10元/次，还是很实惠的。
121.45184,31.26002,中潭路,5,元/次,5元/次,,,|SH|, 中潭路地铁站旁边的中远两湾城，十小时之内只要5元/次，还是很便宜的，在恒丰路桥下转进去，就能看到入口了。去附近上班坐地铁的可以考虑停在这里，再走过去，就当是锻炼身体了。
121.51079,31.2991,复旦大学管理学院,10,元/次,10元/次,,,|SH|, 地图上我标记的地方，入口在政肃路上，是复旦大学管理学院的停车点，对外开放，每次10元，周末去复旦读书的同学可以停在这，里面是块很大的空地，至少能停下5，60辆。注意晚上10点后就关门了，所以10点前要开走。
121.4236,31.25355,武宁公园,5,元/次,5元/次,,,|SH|, 石泉路上的宁泉新苑，可以停车，进门如保安问，随便报个号码就可以。里面最高是7楼的，比如你就说个301就可以，进去过几次，看着保安还是很想赚外快的，所以进去没问题。首小时是免费的，超过以后是5元畅停，不能过夜，去旁边的武宁公园停这很方便。
121.60917,31.2093,张江软件园三期,10,元/次,10元/次,,,|SH|, 周末不收费，平时10元一天，车位充足位于晨晖路和祖冲之路之间，步行到金科地铁站3分钟。停车在这里，去换乘地铁是个不错的选择。
121.41758,31.23738,月星环球港,9,元/小时,9元/小时,,,|SH|, 这家商场广播会用普通话上海话英语来报时，还有小鸟叫声，很亲切很特别！装修很有特色，有点澳门威尼斯人的感觉，比较有情调。另外，高端品牌比较多。地下车库停车到现在为止还是免费的。（12月30日起收费，9元/小时，消费满100元免费2小时）
121.3918,31.31971,学林苑,2,元/次,2元/次,,,|SH|, 停在学林苑小区内，从聚丰园路上的西北门进出，走到上海大学西门的弘基休闲广场不要一分钟。又便宜又不怕贴牌，很方便划算。
121.36481,31.22776,淞虹路地铁站,15,元/次,15元/次,,,|SH|, 淞虹路附近，东华大学科技园外，也就是西边的福泉路的路边停车场，15元/次，8点半之前到能找到离淞虹路地铁站较近的位置，9点前一般都有位置，因为附近企业比较多，所以去晚了就比较满了，要看运气了。
121.47699,31.21032,打浦路,20,元/次,20元/次,,,|SH|, 打浦路上的斯格威酒店的停车场，周末去日月光没有车位就在附近找，结果原以为酒店的不对外开放，谁知道只要和门口保安说下是来吃饭的就行了。说是说超过时间还要补费的，但给了20元停了3个多小时，比日月光便宜多了。
121.51196,31.27738,和平花苑,10,元/次,10元/次,,,|SH|, 和平花苑西门的人行道上绿化隔离带的内侧，可以停车。西门在大连路上，开上人行道，和平花苑的保安叔叔会来收费的，如果停满，他会让你停到小区里面去，每次都是10元。人行道上可以停上30辆左右，小区里面位子就非常充足了，去和平公园，鞍山商业街停那还是很划算的。
121.51966,31.06644,沈杜公路,10,元/次,10元/次,,,|SH|, 八号线沈杜公路终点站，大型P+R停车场，有车位400多个，不过早上八点左右基本都会停满。
121.52116,31.28353,同叶大厦,10,元/次,10元/次,,,|SH|, 同叶大厦巨人学校，大厦门口有10+个露天停车位，一般来说都还是很空的。周末很多学生在巨人学校上课，10元/次不限时间，不能过夜。
121.44498,31.25404,世纪之门,5,元/次,5元/次,,,|SH|, 世纪之门小区，进门右转一直走有很多车位。白天停一次5元不限时间，过夜15元/天，去的时候有人问的话就说去找人就可以了。
121.52546,31.28063,江浦路,10,元/次,10元/次,,,|SH|, 江浦路地铁站出口，信息技术大厦的室外露天停车场。10元/次，过夜20元。停车位不是很多，但就在地铁站旁边，很方便。
121.51771,31.2118,南码头滨江园,5,元/次,5元/次,,,|SH|, 浦明路1888的南码头滨江文化体育休闲园，停车是5元可以停12小时，意思就是别过夜就可以了，还是非常便宜的。因为是新开的，所以人气不是很足，里面有许多吃饭和体育休闲的地方，在黄浦江边上，风景不错。车位还是比较充足的。
121.4776,31.20732,打浦路斜土路,15,元/次,15元/次,,,|SH|, 打浦路上斜土路以南的几个小区都能停车，15元/次。但是只能白天停，业主下班前要腾地方，晚上6点前走就行。适合附近上班的车友们，我上班那边，天天停附近小区，价格还能接受。
121.34538,31.16962,迪卡侬(七宝店),4,元/小时,4元/小时,,,|SH|, 沪星路的迪卡侬，因为离家近，所以去得比较多，主要是买一些运动类的产品，比较全，价格也不贵，服务也比较客气。另外，地下停车场免费，不过，车也比较多，10点前一般都有空位，去晚了可能要等车位了。（价格更新为4元/小时）
121.35643,31.16273,a8酒店（七宝店）,10,元/次,10元/次,,,|SH|, 汇宝购物广场车库的入口有个快捷酒店，叫做a8酒店，酒店有几个停车位，10块钱一次，价格很便宜，但不保证每次都有空位。如果没有的话，就去看看吴宝路的阿婆私房菜，门口有几个免费停车位。附近有七宝地铁站汇恒大厦七宝文化广场。
121.437,31.24262,苏提春晓名苑,10,元/次,10元/次,,,|SH|, 苏提春晓名苑，是一个像小镇一样的商业广场，入口在长寿路上，进去后，小道2旁都可以停，停完就会有人来收费。每次10元，车位还是比较充足的，附近有很多吃饭娱乐的地方。
121.37485,31.22622,剑河家苑,10,元/次,10元/次,,,|SH|, 剑河家苑，停一天24小时10元钱，很便宜。小区入口在剑河路上，很好找的，附近大多是一些小区。
121.42375,31.26948,中浩云花园,5,元/次,5元/次,,,|SH|, 富平路上的中浩云花园，停车是1小时内免费，超过每次5元，入口在富平路上，进到门口，什么门都不用说，停车，保安自动给你张卡，什么都不会问，进去车位非常充足，去附近的万里实验学校，以及洋洋高尔夫场，停车很方便。
121.54534,31.31627,翔殷三村,10,元/次,10元/次,,,|SH|, 去民星路包头路的上海科技管理学校附近办事，需要停较长时间，就停在这个小区，每次最多10元，还是很划算的，包头路上就有入口。附近还有金融学院等。
121.39262,31.11404,江南苑,10,元/次,10元/次,,,|SH|, 莘庄地铁站旁边的江南苑小区，离地铁站很近，适合停车。停车费每天最多是10元封顶，还是很合适的，从莘朱路上进即可。
121.3913,31.11902,紫欣公寓,10,元/次,10元/次,,,|SH|, 莘庄地铁站旁边的紫欣公寓，位于莘庄地铁文化广场北广场碧秀路上，停车费每天最多是10元，价格很划算，小区入口就在碧秀路上，很好找。
121.52216,31.27881,双辽路,20,元/次,20元/次,,,|SH|, 整条双辽路上路边大概有20几个划线车位，10元一小时，20元随便停，新华医院停不了可以来这看看。附近有君欣时代广场杨浦商城阴阳大厦等。
121.5281,31.24532,浦东大道钱仓路,5,元/次,5元/次,,,|SH|, 梅三小区，入口在浦东大道上，白天你问下门卫大爷，5元一次随便停。有时要去傍边的培训中心读书，学校基本没车位，会停在这里面。
121.43572,31.23457,悦达889广场,15,元/次,15元/次,,,|SH|, 悦达889广场附近的一个停车场，康定路万航渡路小路进去一条路，15元随便停。有人看管，停的车很多，车位无限，这附近最划算的地方了，也很安全。
121.33067,31.24721,万达广场(江桥店),5,元/小时,5元/小时,,,|SH|, 嘉定区的江桥万达广场前两小时免费，后一小时五元，停车费还算便宜。可能因为地处郊区，所以规模不大，吃的东西也不多，饮料店要排队。不过优衣库，ZARA，拉夏贝尔等一些大众品牌可以逛逛。
121.45044,31.22425,上海宾馆,6,元/小时,6元/小时,,,|SH|, 华山路上的华山医院总院停车很难，车位紧张，而且10元/小时。另外，路边就不要轻易尝试了，很容易被拖走。倒是对面的上海宾馆是个很好的选择，很近，而且车位较多，价格也相对便宜，6元/小时。
121.43005,31.21137,定西路,10,元/次,10元/次,,,|SH|, 川堂风对面，马路边上，划有停车线，有蛮多车位的，不过去晚了车也很多。10块钱一次，不限时间，不能过夜。附近是上海交通大学法华校区以及光华中西医医院。
121.47006,31.27955,嘉利明珠城,5,元/次,5元/次,,,|SH|, 小区门口保安会问，可以告诉他是看房子的，停车要付10元押金，停车完毕出来时换回5元，可以过夜。不过此小区车辆多，停车要有点技术，附近是闸北公园。
121.34669,31.26571,天际蓝桥坊,5,元/次,5元/次,,,|SH|, 消费免费，如果不消费，可以停天际蓝桥小区。白天首个小时免费，超过5元/次，可以过夜，车位充足，离开江桥沃尔玛等很近。
121.47162,31.28,北宝兴路191号,10,元/次,10元/次,,,|SH|, 北宝兴路191号（近嘉利明珠城），一个小院，门卫赚外快，10元一次畅停，不过23点后要关门。这里离开闸北公园等都不远，而且比较宽敞好停。
121.23725,31.05856,松江大学城P+R,5,元/次,5元/次,,,|SH|, 9号线松江大学城站“P+R”停车库使用交通卡刷卡进入，该“P+R”停车库有300个泊位，5元/次。对非换乘停车的车主停车一小时以内收费5元/次；1小时至4小时收费10元/次；4小时至6小时收费15元/次。包月收费标准为：月200元，半年1000元，一年2000元。
121.4459,31.24701,恒达广场,6,元/小时,6元/小时,,,|SH|, 离长寿路地铁站很近，恒达广场的停车库，地上的停车位9元/小时，地下的只要6元/小时。适合短时间停放，在这个位置不算贵，附近是长寿公园京沙金融广场华侨城等。
121.44826,31.2519,普陀区人民医院,5,元/小时,5元/小时,,,|SH|, 普陀区人民医院，不是很大的医院，里面的停车场收费还算合理，5元/小时。大约有50个车位左右。人一般来说都还是比较多的，不过稍微等等就会有停车位置的了。
121.51963,31.30886,中环国际大厦,10,元/次,10元/次,,,|SH|, 中环国际大厦旁边的，路面停车场，10元/次，三个小时以内。比附近的万达广场要稍微便宜一点，交通也还是比较方便的，旁边就是江湾体育场地铁站。
121.51198,31.22656,外马路白渡路,5,元/小时,5元/小时,,,|SH|, 外滩停车很贵，这里是我找的一个比较便宜的地方，外马路白渡路交叉口的一个露天停车场，车位还是比较多的，入口在外马路上。另外，千万不要停外马路附近的路边，很容易被贴。
121.53436,31.30111,黄兴公园2号门,10,元/次,10元/次,,,|SH|, 国顺东路黄兴公园2号门口，有保安收费及指挥，停车场比较大，停车5元/小时或者10元/次，去院士风采馆及黄兴公园的好选择。
121.53948,31.30171,黄兴公园1号门,10,元/次,10元/次,,,|SH|, 营口路黄兴公园3号门外，可以停车，5元/小时；满两个小时10元/次，周末停车位比较紧张，离黄兴公园地铁站地铁站近。
121.41523,31.01209,上海市第五人民医院,3,元/小时,3元/小时,,,|SH|, 上海市第五人民医院停车场，入口在瑞丽路128号，车位不多，早上9点以后需要等候停车，价格还算便宜。
121.43526,31.25889,石泉五村,5,元/次,5元/次,,,|SH|, 每次5元；过夜10元，小区出入口在石泉路上。白天车位较多，晚上停车是个技术活，去镇坪路地铁站不算太远。
121.43245,31.25715,石泉路130弄小区,5,元/次,5元/次,,,|SH|,石泉路靠近旬阳路的石泉路130弄小区，离镇坪路地铁站比较近。白天可以停车，5元/次，车位比较紧张，还有就是没有停车卡不能够过夜。
121.43968,31.25824,浦发大厦,4,元/小时,4元/小时,,,|SH|, 中山北路光新路口，浦发大厦大楼后面，有地下车库及地面停车场，4元/小时。价格很实惠，是石泉周边最便宜的正规停车场了。
121.44386,31.28244,广中苑,5,元/次,5元/次,,,|SH|, 广中苑小区，白天可以停在里面，出门的时候小区物业会问你收5块钱。广中苑小区里面很大，但是保安说只能停在靠马路的两排房子前面，其他的地方说是不让停，不过停了也没人管。附近是大宁灵石公园多媒体大厦华清大厦等。
121.56126,31.23677,卜蜂莲花（杨高中路店）,4,元/次,4元/次,,,|SH|, 杨高中路卜蜂莲花的停车场，4元/3小时，价格适合去购物的人停或者短时间停留的人。附近还有一个家乐福，是免费停车的，如果不嫌远的话开到家乐福也还好。
121.51306,31.39949,吴淞炮台湾湿地森林公园,3,元/小时,3元/小时,,,|SH|, 森林公园配套的停车场，虽然附近路边也可以停车，但是毕竟没有画位置，有可能会被贴条。而且，3元/小时的价格也不算贵。
121.3915,31.35149,顾村公园,10,元/次,10元/次,,,|SH|, 常去顾村公园2号门停车，一般是晚上去吃饭，好像不收费。主要去周边的饭店小吃消费，很满意有个停车地方，白天的话顾村公园各门是10元畅停。
121.48799,31.26393,凯润金城,10,元/次,10元/次,,,|SH|, 东宝兴路上的凯润金城停车库的入口旁边，就是地图上标注的地方有个老小区，无人管理，大概可以下20辆左右。去对面的嘉杰广场也比较方便，他们停车费都要10元一小时，停这免费又方便。（网友最新更新，价格更新为10元/3小时）
121.48247,31.27326,同心苑,5,元/次,5元/次,,,|SH|, 虹口足球场附近的同心苑小区，同心路232弄，5块钱畅停，但是不能过夜。路面停车，进小区自己找地方停就行了，白天一般都是可以找到的。
121.50395,31.18641,雪野二村,4,元/次,4元/次,,,|SH|, 云台路地铁站口的雪野二村，可以停车，每次只需4元。从这里去世博展览馆很方便，走过期大概七八分钟。另外，附近离耀华路地铁站中华艺术宫地铁站都不算很远。
121.4667,31.25316,大统路,10,元/次,10元/次,,,|SH|, 上海火车站附近的大统路，挨着闸北区政府，南向北的路段，划了很多停车位，以前是免费的，很满。现在改成10块钱一次了，空了不少，车位较多。附近是不夜城公园闸北广场华象大楼等。
121.45944,31.03469,华东师范大学闵行校区,4,元/小时,4元/小时,,,|SH|, 华东师范大学闵行校区停车费是4元/小时，还比较便宜。另不足1小时按1小时计，超过1小时按0.5小时递进，收费标准相应减半，超过8小时至24小时之内按不同车型8小时收费。连续停放超过24小时，超过部分按上述标准重新计算。
121.42519,31.02003,欧尚超市（闵行店）,5,元/小时,5元/小时,,,|SH|, 欧尚闵行店地面地下均可停车，价格相同。每小时5元，若在超市内购物满58元可免2小时，满100元免3小时，超时部分扔按5元每小时收费。
121.49734,31.25247,峨眉路,10,元/次,10元/次,,,|SH|, 峨眉路在武昌路和闵行路之间有画了停车线的，但是收费人员会让你竖着停，而不是按照线侧方的停，这样可以多停几辆。大概可以停下30辆不到，收费是每次10元，最好不要过夜，在这个地段还是相当的便宜的。
121.45544,31.0283,紫竹科技园,4,元/小时,4元/小时,,,|SH|, 闵行区东川路555号紫竹园2号及3号楼下，近东川路莲花南路，是紫竹科技园中最便宜的停车场。此外，离开华东师范大学及交通大学校区都不远。
121.43064,31.26828,双山小区,5,元/次,5元/次,,,|SH|, 双山路靠近甘泉路，小区车辆入口在甘泉路北面一点。靠近地铁七号线新村路站，步行大约五分钟，车位就是小区内车位，白天停车比较方便，晚上业主回来后，车位紧张。
121.48571,31.15937,东方体育中心,10,元/次,10元/次,,,|SH|, 东方体育中心10元可以停一天，车位数量约500个，没有赛事时很空。离地铁8号线非常近；出入口：东方体育中心5号6号出入口。
121.46627,31.04494,紫晶南园,5,元/次,5元/次,,,|SH|, 1小时内免费，十小时内是5元/次，十小时以上，二十四小时以下是10元/次。小区内车辆可随意停放在路边，估计可容纳几百辆。周边环境：吴泾镇政府华师大宾馆加油站吉买盛吴泾商业街等；出入口：剑川路289号北门。
121.46321,31.2899,海上文化中心,5,元/次,5元/次,,,|SH|, 平型关路1222号的海上文化中心停车库，是地下的，设施非常完善，保安服务也非常好。每次只要5元，相当的便宜，车位非常充足，注意入口在灵石路上。
121.50292,31.26878,瑞虹新城,5,元/小时,5元/小时,,,|SH|, 临平路地铁站附近的瑞虹新城外来人员可以停车的，保安问都不会问，进门直接给张卡，关键是前一小时免费，之后每小时5元，非常适合短期停放。在这个地段还是比较划算的，入口在天宝路上。
121.51931,31.29676,林绿家园,5,元/次,5元/次,,,|SH|, 国权路地铁站附近，国顺路上的林绿家园，可以停车的，保安也不会问，直接给卡。首小时免费，后满8个小时之内是5元，超过8小时是10元封顶，基本8小时够用了，这里主要是给去对面上海开放大学的人停车用的。入口就在我标注的国顺路上，停车位只要不是在晚上基本上是有位子的。
121.44769,31.18104,凯旋南路龙田路,5,元/次,5元/次,,,|SH|, 凯旋南路靠近龙田路，3号线漕溪路站东边，有停车点，标准收费5元/小时，但是收费的人会主动问你是否长时间停车，并且报价10元/次，这时你说不要停车票收费5元。停车很空旷，而且可以避雨，离开万体馆和旅游集散中心都挺近。
121.51205,31.28558,四平路赤峰路,6,元/小时,6元/小时,,,|SH|, 同济设计股份有限公司大楼停车场，第一小时免费，第二小时开始6元，换算下来如果停3个小时4元/小时，停4小时4.5元/小时，离同济大学正门及彰武路商圈非常近，在四平路附近能够停车的正规停车场中是非常实惠的
121.40894,31.01769,碧江路401弄,5,元/次,5元/次,,,|SH|, 闵行区碧江路401弄小区（红旗五村）电子门禁，按次收费，5元/次，过夜另行计算一天收费。附近是华宁路地铁站金平路地铁站。
121.41521,31.01225,第五人民医院门口,5,元/次,5元/次,,,|SH|, 第五人民医院的门口，瑞丽路上，路边停车位5元/次，看车到晚上10点钟。早上8点前车位还有剩余，10点后医院附近停车就紧张了。
121.44928,31.25848,中远两湾城,5,元/次,5元/次,,,|SH|, 苏州河对面的中远两湾城，一进一出只要5元，而且不限制天数，停过好几次都是这样，很便宜。附近是中潭路地铁站苏州河环保主题公园等。
121.36266,31.22173,世纪之春花园,8,元/次,8元/次,,,|SH|, 世纪之春花园停车场，小区很大，在协和路天山西路，离淞虹路地铁站步行3分钟即到，周围很多写字楼餐厅。停车费一小时内免费，8小时内8元，8~24小时是15元。
121.42825,31.20042,虹桥路凯旋路,10,元/次,10元/次,,,|SH|, 沿着虹桥路西向东开到凯旋路，右转进凯旋路，进去大概几十米就能看到路边划的停车位，记得凯旋路有两条，要转进菜市场（虹珠市场）的那条。停车费比较便宜，只要10元/次。
121.47154,31.41282,湄浦路克山路,5,元/次,5元/次,,,|SH|, 湄浦路克山路路口的伍缘超市门口有一大块空地，5块钱畅停。而且，如果运气好旁边湄浦路上还有划线的停车位可以免费停。旁边就是建峰学院漠河路校区，去考注册建筑师的朋友可以停这里，最好不要停路边，很有可能被贴条。
121.42496,31.17066,桂林公园,10,元/次,10元/次,,,|SH|, 家旁边的公园，漕溪路桂林路的桂林公园，以前读书的时候经常去，靠近我们学校上师大，有着很多美好的记忆在这里，最喜欢八月桂花开放的时候，很香，门票便宜，只需2元。桂林公园后门停车只要10元/次，在这附近算是很实惠的了。
121.48694,31.264,宝源路停车场,4,元/小时,4元/小时,,,|SH|, 宝源路停车场在3号线轻轨的下面，利用高架的下面作为停车场，标价是5元/小时，可以还价。不要票的话，可少算你一个小时之类的，所以就写4元一小时，位子大概有20几个，入口就在宝源路上，在这个地段算是相当便宜的了，附近是东宝兴路地铁站嘉杰国际广场。
121.40806,31.16755,漕宝路虹梅南路,10,元/次,10元/次,,,|SH|, 漕宝路虹梅南路有个法拉利和玛莎拉蒂的4S店，旁边有一个露天的停车场，10块钱一次，周围的平均价格是20元/次，这里算最便宜的了，上百个车位。而且周末和晚上都可以免费停车，中环下来从加油站可以绕进去。
121.5554,31.22871,浦东展览馆,10,元/次,10元/次,,,|SH|, 迎春路上的浦东展览馆展览馆门口有50多个停车位，10块钱一次，去旁边的出入境办事可以停这里，从展览馆小路进去有保安引导你，附近是浦东新区政府上海科技馆地铁站。
121.53093,31.2155,金浦小区,10,元/次,10元/次,,,|SH|, 浦建路上的金浦小区，进门交保安10元可以畅停，一般都有车位，很适合去马路仁济医院就医的车友们，另外，这里离蓝村路地铁站也很近。
121.50444,31.12547,芦恒路地铁站,10,元/次,10元/次,,,|SH|, 8号线芦恒路站5号口的停车场，停一整天只需要10元，适合去这里换乘地铁的同志们。停车场入口就在5号出口处，能看得见收费停车的标志，往里开就是了。
121.40405,31.16201,古美小区,5,元/次,5元/次,,,|SH|, 平南路莲花路的古美小区，可以直接进去，不会过问，地上自己找地方停就是了，别挡着路就行。开出来的时候给门卫5元/次，就可以了，附近是东兰购物广场。
121.36591,31.22645,绿朋大厦,20,元/次,20元/次,,,|SH|, 淞虹路地铁站附近，位于金钟路上的绿朋大厦，是个地下停车场，不要发票的话，直接给15元现金给门卫，会让你进去停到下午6点钟。对面很多写字楼，距离淞虹路地铁站步行只需2分钟，是白领停车的好去处。（据P司机网友情报：价格更新为20元/次）
121.74243,31.06551,浦东医院,3,元/小时,3元/小时,,,|SH|, 在大川公路珙为路上，该医院是浦东南汇最大的医院，停车位需求很大，经常有人不得不停在外面会吃罚单。医院大门有30多停车位，4元/小时；后面有100多车位，前30分钟免费，之后3元/小时。
121.41653,31.1472,锦江乐园,10,元/次,10元/次,,,|SH|, 锦江乐园的大名就不用说了，停车场面积很大有一万平米多，在锦江乐园旁边的锦江之星对面。车辆进入停车场，在闸机取卡后开始计时，20分钟内离场免收停车费，12小时内收费10元，以后每12小时增加10元。凡在园内餐厅用餐单笔消费满1，500元的，赠送免费停车单2张。
121.48393,31.21121,南塘浜路蒙自路,10,元/次,10元/次,,,|SH|, 这条路上的北蒙三小区银杏家园等几个小区，都是10元停一次，可停最多一天，这里离南北高架路鲁班路斜土路几天主干路都很近。而且步行到地铁马当路站不到10分钟，是个停车的好地方。
121.40382,31.25824,上海市体育宫,5,元/次,5元/次,,,|SH|, 位于普陀区大渡河路的上海市体育宫的停车场，入口在大渡河路上，一进门的一大块空地都是露天停车位，5元可以停5小时，停车位充足。旁边是真如公园，以及在建的14号线。
121.48262,31.2158,淡水湾花园,15,元/次,15元/次,,,|SH|, 去马当路徐家汇路路口，可以停在淡水湾花园的停车库，一天10元。然后出门就是九号线马当路站，一站路直达日月光楼下，是个不错的选择。在这个地段，算是很实惠的了，别的地方一般都得10元/小时。附近是上海交通大学东方天地等。（据P司机网友情报：价格更新为15元/次）
121.49242,31.21018,西凌家宅,10,元/次,10元/次,,,|SH|, 西凌家宅路制造局路的西凌家宅小区，停车费10元/次，去第九人民医院可以停在这里，从小区口走过去20米。第九人民医院5元/小时，虽然也不算贵，但是很难有车位，医院职工都要一定的工龄才能有车位。
121.41752,31.22572,虹桥世纪花园,5,元/次,5元/次,,,|SH|, 中山西路上的虹桥世纪花园停车首小时免费，之后每天5元，相当的便宜，关键是，他小区后门可以通到中山公园龙之梦，这点非常方便，小区停车位还是很多的，之前晚上去都有位子，去中山公园龙之梦可停这。入口在中山西路上。
121.53202,31.3004,五角场800号,5,元/次,5元/次,,,|SH|, 五角场800号的五角场800艺术基地，停车是每次5元，大概有30多个车位，注意入口是在双阳北路上，不要从国顺东路进去。那个隔壁一个停车场，收费要5元每小时了，千万别停错，不要怪我没提醒哦：）附近是黄兴公园。
121.52544,31.28004,新华医院东面小区,10,元/次,10元/次,,,|SH|, 新华医院东面的小区，白天晚上一个价，10元/3小时，我经常停的。在江浦路上，新华医院对面。弄堂口是一个上海农商银行，人行道上还停着不少车，往弄堂里开就有保安招呼你停车了。停在这里，去新华医院或者江浦路地铁站都很近。
121.59516,31.25043,金桥酒店公寓,4,元/次,4元/次,,,|SH|, 金桥酒店公寓是个开放式的酒店公寓，所以门卫不会问你到哪家。注意入口在红枫路，出口在蓝天路上，进去保安不会问，出来给4元就行。金桥酒店公寓车位很充足，还有地下车库，价钱一样，实惠又方便。
121.45476,31.34607,呼玛二村,2,元/次,2元/次,,,|SH|, 呼玛二村，小区非常大，感觉有点类似北京的天通苑了，进门取卡，出门给2元，ok，还能有发票。保安啥都不会问，里面非常大，呼玛二村车位绝对的充足，价钱也实惠。小区里面有小学，超市等等，入口在呼玛路上。
121.37547,31.19633,上海动物园,20,元/次,20元/次,,,|SH|, 上海动物园是热门场所，上周末刚去，园区有停车场，在虹桥路上的哈密路和虹井路间，要看准划线的车位停，20元一天；另外据说上海动物园西边哈密路上也有地方停车，15元可以停一天，不过没试。
121.40725,31.14118,南方商城,10,元/次,10元/次,,,|SH|, 莲花路地铁站附近的南方商城，可以凭消费抵扣停车费，比如家乐福超市购物满120元就可以免费停2小时，否则南方商城停车费是4元/小时。可以停在附近的南方新村，就是地图上标注的地点，5元或者10元就能停一次，具体看你怎么砍价。
121.66429,31.21957,唐镇地铁站,10,元/次,10元/次,,,|SH|, 唐镇地铁站旁边，齐爱路高科东路西南路口，进去就行，没人过问。出门时收费，按次当天10元，隔夜15。车位不少，基本都是上班的车停在这里，去唐镇地铁站换乘的。
121.01947,30.88915,枫泾古镇停车场,10,元/次,10元/次,,,|SH|, 上海最有名的古镇，除了朱家角就是枫泾古镇了。昨天刚去，停车场很大，10元可停一天，就在枫泾古镇大门入口，旁边不远就是G60S36枫泾出口。
121.65064,31.03285,新场古镇,5,元/次,5元/次,,,|SH|, 新场古镇是上海四大古镇之一（枫泾七宝新场朱家角），浦东历史文化发源地。我就住在新场，停车场比较大，在新场古镇游客服务中心外边，从沪南公路海泉路进入，足够停50多车辆，白天停车5元一次不限时，到晚上就没人管免费随便停。
121.49028,31.29324,大柏树地铁站,5,元/次,5元/次,,,|SH|, 大柏树地铁站南边，在中山北一路899号农商银行旁边就是地图上标注的位子，有个小区，有人管理，进去就说去旁边钢厂，或是刑警803银行办事都可以。停车费时间短的5元/次，最长的10元/次，附近有大柏树地铁站，旁边就是大名鼎鼎的刑警803公安大楼，车位大概有50个左右。
121.65524,31.05143,新场地铁站,10,元/次,10元/次,,,|SH|, 16号线新场地铁站，旁边有个规模不小的停车场，10元可停一天，开车族可以在此停车换乘地铁进市区，我本人就常停车在这里换乘地铁。尤其（2014）年底16号线直通龙阳路后，停在新场地铁站就更经济了。
121.6847,30.87297,海湾国家森林公园,10,元/次,10元/次,,,|SH|, 海湾国家森林公园是上海甚至华东地区最大的赏梅处，位于奉贤区杭州湾。海湾国家森林公园停车场在随塘河路，很大，足够停200余辆车，完全免费，可以放心停车。（网友最新更新，只是在梅花节期间免停车费，平时是10元一天）
121.55937,30.83081,碧海金沙,15,元/次,15元/次,,,|SH|, 奉贤碧海金沙是上海两大沙滩之一，比金山城市沙滩近些，外环浦星公路值达。碧海金沙停车场位于浦星公路尽头的金汇塘东路上，小车15元，大车20元，去年8月份去过，还不错，海里游泳蛮过瘾，而且今年又加了什么海上过山车
121.72142,31.06204,上海野生动物园,20,元/次,20元/次,,,|SH|, 野生动物园现在已经是上海最热门的郊游地了，停车场需要从南六公路的大门里开进去，外面不能停车，20元一天。很大的停车场足够数百辆车，野生动物园要尽量早点去，去玩了就要等车位了。
121.43593,31.21896,大众金融大厦,30,元/次,30元/次,,,|SH|, 昭化路接近延安西路路边有很多停车位，有个协管在早上不定期的会骑辆小电瓶车在那收费。在这里停一天30元，而在旁边的大众金融大厦里面停车一天是80元，地面和地下都一样。所以，去大众金融大厦的朋友可以停这里。
121.35427,30.71427,金山城市沙滩,4,元/小时,4元/小时,,,|SH|, 金山城市沙滩停车场位于金涛路上，G15沈海高速转松卫南路尽头便是。金山城市沙滩停车场挺大，4元/小时，不过一般人游泳玩水就2-3小时，所以总的来讲停车费不算贵，比奉贤碧海金沙便宜些。不要停在当地一些人说的10元停车处，会被贴罚单的。
121.48824,31.28106,上海外国语大学,10,元/次,10元/次,,,|SH|, 上海外国语大学停车是对外开放的，可能是因为地段好，所以想赚起外快了。保安基本不会问，进门给10块就可以了，还有发票，不限时间，里面随便停，校区很大，所以车位基本还是很充足的。上海外国语大学附近有鲁迅公园，离虹口足球场也不是特别远。
121.55407,31.08034,召稼楼,10,元/次,10元/次,,,|SH|, 上次开车回家走沈杜公路，经过召稼楼古镇，古色古香的大门，停车在沈杜公路边上的停车场下来逛逛，还不错，和七宝古镇差不多，据说城隍庙的城隍就出生于此。召稼楼古镇停车场有四个，比较大，一次10元，开车的话要走林海公路的沈梅路出口再回转。
121.39553,31.19641,鑫桥创意园,10,元/次,10元/次,,,|SH|, 华光路靠近中环辅道的鑫桥创意园，每次去老外街吃饭都停这里。里面很大，车位也很多。鑫桥创意园停车费是10元/次，不限时间，还是很方便的。
121.56264,31.20721,天豪大酒店（龙阳店）,10,元/次,10元/次,,,|SH|, 白杨路龙汇路十字路口，天豪大酒店门口的停车场，就是农行旁边，现在可以随便停车了，起码短期内是这样的，因为天豪大酒店关门了，这里离龙阳路地铁站不算太远。（价格更新为10元/次）
121.22725,31.09837,上海欢乐谷,4,元/小时,4元/小时,,,|SH|, 上海欢乐谷停车费是四元一小时，还算公道，我带儿子去玩了三个小时只收了12块。上海欢乐谷停车场就在收费处旁边的接驳车停车处，走进去大概五分钟，车位比较多但节假高峰可能还是要早点去。
121.59979,31.15951,罗山路地铁站,10,元/次,10元/次,,,|SH|, 1116号线的罗山路地铁站，东边有个停车场，10块停一次，入口在地铁站东边的小巷子里，车位充足，去罗山路地铁站换乘的朋友可以停这里。
121.20323,31.03559,泰晤士小镇,5,元/次,5元/次,,,|SH|, 松江泰晤士小镇是个很漂亮风情的英式小镇，周末常有人自驾来此，也有不少人在此拍摄婚纱照。泰晤士小镇的停车费小车5元一天，大巴10元。
121.5086,31.2949,密云路松花江路,5,元/次,5元/次,,,|SH|, 密云路松花江路路口的人行道上有画了停车位的，有人管理，大概有10多个车位，问你停多久就说2个小时左右，每次就5元，除非停一整天才要10元/次，基本就是5元/次了，密云路松花江路去对面复旦大学体育馆停这还是比较方便的。
121.36714,31.22409,淞虹路地铁站1出口,10,元/次,10元/次,,,|SH|, 淞虹路地铁站，淞虹路天山西路路口，西北侧有个小广场，也就是上海银行的门口有10余个车位，前15分钟免费，之后4小时内收费10元，超过则收费20元封顶。此处就在2号线淞虹路地铁站出口，旁边也有一堆的写字楼。
121.61496,31.11607,周浦东地铁站,10,元/次,10元/次,,,|SH|, 16号线周浦东站旁边有一个停车场，大概可以停40-50辆车，去周浦东站换乘的朋友可以停这里，停车费是10元/次。现在车位还比较多，不知道通到龙阳路了会不会紧张。
121.56772,31.22029,花木路芳甸路,10,元/次,10元/次,,,|SH|, 旁边的梅花路，樱花路都20元单次了，就花木路芳甸路路口这里还是按原来的10元单次收费，不过8:30以后基本就没位子了，在紫竹，嘉里城上班的同学很方便的，另外，旁边就是世纪公园。
121.3628,31.22655,淞虹路地铁站北,20,元/次,20元/次,,,|SH|, 淞虹路地铁站附近，金钟路北侧，协和路福泉路间，绿地之间有块空地，以前这块空地不让停车，有栏杆挡住。今天发现栏杆已被拆除，有个人在那里收钱，20元一天，可以停十几辆小车，金钟路周围众多写字楼，例如携程，步行到淞虹路地铁站3分钟。
121.59087,31.20202,浦东张江博士后公寓,10,元/次,10元/次,,,|SH|, 这个地方的入口在碧波路过晨辉路口往南约200米处，属于浦东张江博士后公寓中的车位。空余车位不是太多，早上去的稍早（9点前8点半左右）就能够停到车位。周边有中信，微电子港等园区。10/次的价格在张江周边属于比较有优势。
121.37613,31.1461,闵行体育馆,10,元/次,10元/次,,,|SH|, 闵行体育场游泳馆等均可在此停车，入口在虹莘路右拐新镇路前行约520米处。场内车位充足。闵行体育馆内游泳馆，保龄球馆等运动场所非常多，且紧邻热带风暴。
121.48808,31.68194,东平国家森林公园,10,元/次,10元/次,,,|SH|, 周末去的东平国家森林公园，那里空气很好，公园很大景色不错。停车场有两个，10元一天，从北沿公路进去。另外，四月份时去东平国家森林公园最合适，繁花似锦。
121.53072,31.23017,崂山路,10,元/次,10元/次,,,|SH|, 崂山路边有画线，可停车。师傅会来收钱，可以讲价格。一般你跟师傅说两小时就走的话10元。崂山路如果停一天的话，给20元就行了，这个价格还是很实惠的。
121.90991,30.95334,上海鲜花港,10,元/次,10元/次,,,|SH|, 位于浦东书院镇的上海鲜花港，四月份去看郁金香不错。自驾游S2两港大道出口下来，还免过路费。上海鲜花港停车场很大，10元一天，车位充足。
121.77629,31.21878,三甲港海滨乐园,10,元/次,10元/次,,,|SH|, 三甲港海滨乐园在华夏东路的尽头，靠近东海但其实是个人造沙滩，有些游乐设施还行，很多人游泳，停车费是3小时内10元，超过则为20元一天。也有人说三甲港海滨乐园旁边有个一尘大酒店，门口免费停车，没试过。
121.01956,31.10466,东方绿舟,10,元/次,10元/次,,,|SH|, 东方绿舟有一号门和二号门两个停车场，都是10元一天，狭长的停车场，大概有几百个停车位。东方绿舟是周末带孩子踏青的好去处，可以和旁边的大观园梅园一起游览。
120.91715,31.07872,上海大观园,15,元/次,15元/次,,,|SH|, 上海大观园是当年拍摄红楼梦的地方，其实还可以，虽然现在有些旧了。不过整个园区还是很精致，颇有些苏州园林的感觉。自驾游上海大观园可以和东方绿舟一块玩，在沪青平公路转金商公路，停车费是15元一天。
121.47771,31.21327,天天花园,10,元/次,10元/次,,,|SH|, 打浦桥地铁站东边，徐家汇路的天天花园小区，停车费是一次10元，如果是外部车辆，保安可能会跟你要过夜20元。你就说我之前来过的，过夜都是10元，所以最后给10元就行了。我朋友住天天花园，来找他停过几次。
121.50239,31.2778,祥东小区,5,元/次,5元/次,,,|SH|, 虹口区天宝西路242弄近天宝西路的祥东小区，我自己就是小区业主，小区内的停车场，5元/次，过夜的话是10元，还是很划算的，车位比较充足。祥东小区附近是四平路地铁站邮电新村地铁站。
121.42063,31.14822,锦江乐园站P+R,10,元/次,10元/次,,,|SH|, 一号线锦江乐园地铁站P+R停车场，换乘地铁就只需10元一天。P+R对去锦江乐园玩的来说不太方便，但对进市区的就非常方便了。
121.32958,31.30367,南翔站P+R,10,元/次,10元/次,,,|SH|, 11号线南翔地铁站新增P+R停车场，在此停车只要换乘地铁，取车时就只需付10元一天的车费，相当划算。
121.16846,31.29459,安亭站P+R,5,元/次,5元/次,,,|SH|, 11号线安亭地铁站新增P+R停车场，在此停车只要换乘地铁，取车时若不到四小时就免费，超过四小时就只需付5元一天的车费，相当划算。
121.35624,31.40802,美兰湖站P+R,5,元/次,5元/次,,,|SH|, 7号线美兰湖地铁站新增P+R停车场，在此停车只要换乘地铁，取车时就只需付5元一天的车费，相当划算。
121.42279,31.29978,大场镇站P+R,10,元/次,10元/次,,,|SH|, 7号线大场镇地铁站P+R停车场，在此停车只要换乘地铁，取车时就只需付十元一天的车费，相当划算。大场镇地铁站P+R人不是很多，车位充足，放心停放。
121.45664,31.29904,汶水路站P+R,10,元/次,10元/次,,,|SH|, 1号线汶水路地铁站新增P+R停车场，在此停车只要换乘地铁，取车时就只需付10元一天的车费，相当划算。汶水路地铁站P+R停车场，车不多，随便停。
121.36936,30.73395,金山卫站P+R,5,元/次,5元/次,,,|SH|, 金山铁路金山卫站新增P+R停车场，在此停车可以凭上海交通卡乘坐铁路到上海南站市区，取车时就只需付5元一天的停车车费，相当划算。
121.39469,31.11041,莘城中央公园,15,元/次,15元/次,,,|SH|, 莘城中央公园公园门口有大约十几个停车位，马路对面有很多停车位。7元一小时，1小时后每半小时4元，一般直接15元随便停。停的车很多，吃饭时间经常满。莘城中央公园对面是青少年活动中心和图书馆，斜对角是解放大厦，不停在车位上经常会有警察贴条。
121.45273,31.30756,百联汽车广场,10,元/次,10元/次,,,|SH|, 共和新路3550号的百联汽车广场，停车费是10元/次，停车位比较多，不过因为车也多，新手也多，所以有时候会堵。建议大家可以停大润发旁边还有福特等几家4s店都可停免费多走500米可省去堵车进百联汽车广场的时间。
121.37929,31.22186,宜嘉坊,8,元/次,8元/次,,,|SH|, 我在北新泾地铁站附近上班，白天都停在宜嘉坊小区，一般从早上9点到晚上5点半，8小时内收我8元，超过8小时是15元。宜嘉坊附近是宜嘉坊广场新尚街北新泾地铁站。
121.40152,31.17918,永兆豪庭,15,元/次,15元/次,,,|SH|, 我在漕河泾附近上班，公司楼下停车要40元/天。虹梅路王北走有个永兆豪庭，地下车库15一天，有很少非专用停车位可以停。除了永兆豪庭，有时还停万丽酒店，不收费，但是有人看着，长期停不方便。
121.46217,31.19677,东安一村,5,元/次,5元/次,,,|SH|, 东安一村门口挂着个牌子，1小时内免费，1到8小时5元，8小时以上10元，所以这里就写5元。东安一村斜对面的复旦大学肿瘤医院是不能停车的，所以去这个医院只能停附近小区，停这很方便，车位比较充足，离东安路地铁站也很近。
121.38169,31.24133,新长征花苑,10,元/次,10元/次,,,|SH|, 新长征花苑按物业规定是10块钱/次，我经常去停，这是过夜的价格，不过夜应该便宜一些。新长征花苑入口在真光路的东门，别的门不能进车，进去之后自己找地方停就行了，白天一般都有车位。
121.49854,31.26011,1933老场房,20,元/次,20元/次,,,|SH|, 1933老场房算是上海的一个娱乐地标了，每次停车20元，不限时间，看话剧和表演都停这，附近有些有情调的饭店也可停这。车位充足，1933老场房停车费在这个地段算是比较便宜的了。
121.30282,31.19659,中国博览会会展综合体,10,元/次,10元/次,,,|SH|, 位于松泽高架诸光路2号线徐泾东的中国博览会会展综合体（四叶草）通常叫做虹桥国家会展中心，是目前世界最大的单一体建筑。2014年10月刚开张，我上周末刚驱车过去看了展览，停车费10元/次（5小时内），另外，中国博览会会展综合体车位非常充足，不用担心找车位。
121.53485,31.38531,滨江森林公园,10,元/次,10元/次,,,|SH|, 滨江森林公园在浦东北部靠近黄浦江入海口，对面就是崇明长兴岛，外环的外高桥保税区出口不远，停车费10元/次，比较实惠，这个季节可以去滨江森林公园看红枫，比较休闲。
121.43335,31.19153,宜山路地铁站5号口,5,元/小时,5元/小时,,,|SH|, 宜山路靠近古宜路上，宜山路地铁站5号口附近，宜山路一转弯就到了，有个大牌子，科拉胜，一进去就可以停车了，车位不是很多，应该是公司公用的。
121.32204,31.29629,古漪园,10,元/次,10元/次,,,|SH|, 位于嘉定南翔镇的古漪园是上海五大园林之一，位于沪宜公路上，停车费10元一天，有专门车位，不要停在古漪园附近的马路上会吃罚单。
121.42187,31.18245,桂林路地铁站4号口,5,元/小时,5元/小时,,,|SH|, 地铁9号线桂林路地铁站，4号口出来往北走3分钟，在桂林路408号可以停车，前半小时免费，之后每小时5元。应该是航天设计院的车位，离桂林路地铁站大概两三百米。
121.41718,31.18265,钦江路88号,5,元/小时,5元/小时,,,|SH|, 钦江路88号靠近苍梧路，有个小停车场每小时5元，有二十几个车位，对面是海悦酒店，后面是大众汽车服务中心和写字楼，步行到桂林路地铁站大概8分钟的距离，
121.59943,31.24753,红枫路,10,元/次,10元/次,,,|SH|, 金桥办公区旁边的红枫路商业街共用的一个地下停车场，10元/次。车位充足，停车场入口在地图上标注的位置。去浦东妇幼保健院检查可以停这里，因为医院要40元/天，停红枫路这里的话，孕检完事后，还能去里面的园区逛逛，喂天鹅。
121.44896,31.20081,徐家汇国际大厦,20,元/次,20元/次,,,|SH|, 徐家汇国际大厦和国美电器中间的巷子，一直往里开，大概七八十米，就能看到停在路边的一排车了，收费是20元/天，记得砍价。我就在这附近上班，经常停，所以很确定，大概有三十个车位，我觉得这是徐家汇很便宜的停车场了。
121.51589,31.3027,复旦科技园,10,元/次,10元/次,,,|SH|, 国定路邯郸路的复旦科技园，停车费是4小时内10元，10小时内20元，24小时内30元，而且保证有车位，入口在国定路上。后面小路都是20畅停的，不过就是要早，要么没位子，所以去复旦科技园办事，最好选择就是停到里面去。
121.4047,31.16759,漕宝路古美路,5,元/小时,5元/小时,,,|SH|, 漕宝路古美路上的一个写字楼园区，叫凤凰园，停车费5元/小时，周围很多写字楼。此处距离中环漕宝路出入口很近，地铁14号线在建，步行到9号线漕河泾约12分钟。
121.59617,31.19263,浦东国际人才城,10,元/次,10元/次,,,|SH|, 浦东国际人才城位于张衡路500号，靠近科苑路，罗山路高架张衡路出口可达。沿路有很多划线车位，10元可停半天，20元整天。此处距离上海交大信息安全学院通用电气都很近。
121.38072,31.18667,虹桥古玩城,10,元/次,10元/次,,,|SH|, 在金汇南路的虹桥古玩城的左边有个小巷子，停车位不多，巷子两边都可以停，是一对老夫妻收钱的，给10块钱就可以了。金汇路上有很多吃饭的，还有一家电影院（左岸国际影城），我去吃饭和电影都停在这里，很方便。
121.5089,31.23724,拾步街富城路,30,元/次,30元/次,,,|SH|, 拾步街和富城路靠近拾步街这2块地方有停车收费字样，每次20元，无论多久，位置充足，相比一街之隔的花园石桥路就要便宜多，那里是10元一小时，封顶40。多走200米的路便宜20元，还是划算的。（网友最新更新，价格更新为30元/次）
121.52549,31.2195,峨山路,10,元/次,10元/次,,,|SH|, 峨山路靠近浦东南路这里，就是地图上标注的地方，是个停车点，上面写着5元一小时，一般基本上是收10元一次不要票，车位至少40辆，还是比较实惠的。这里有很多吃饭休闲的场所。
121.40522,31.17252,新业园,5,元/小时,5元/小时,,,|SH|, 从漕河泾开发区地铁站3号口向南步行3分钟，在田林路上的新业园区，周围很多写字楼和公司。这个园区停车费5元小时，包月400。
121.4007,31.17101,宝石园,5,元/小时,5元/小时,,,|SH|, 宝石园步行到漕河泾开发区地铁站大约8分钟，位于田林路古美路路口，对面是豪华的Renassance大酒店，周围一堆的写字楼。宝石园园区停车费5元小时，包月400。
121.51418,31.10181,陈行公路浦星路,5,元/小时,5元/小时,,,|SH|, 在陈行公路边上，新建的停车场，可停50多辆车，离浦江镇地铁站很近。免费停2小时，无任何消费条件，短时间停的话还是很核算的，超出时间7元/小时。
121.44574,31.18245,漕溪路地铁站2号口,5,元/小时,5元/小时,,,|SH|, 今天从漕溪路地铁站2号口下来，一出来就是凯旋南路停车场，5元小时，包括地下和地上，地上大概80车位，地下应该更多。这里对面就是上海旅游集散中心和上海体育馆，上面是高架。
121.44821,31.18054,天华软件园,5,元/小时,5元/小时,,,|SH|, 距离漕溪路地铁站约500米的天华软件园，有很多写字楼和公司，这里停车收费是5元小时，最低10元最高30元一整天，车位充足。
121.42829,31.22357,定西路,10,元/次,10元/次,,,|SH|, 定西路在宜化路附近的路段，画有停车线的，有人收费，不要票10元一次，畅停。车位大概有40个不到，在这样的地段还是很便宜的，离中山公园龙之梦也不远。
121.57764,31.12207,周康路年家浜路,5,元/小时,5元/小时,,,|SH|, 位于周康路上，车位很多，2小时内只要5元，2-4小时内5元小时，超过最多20元封顶，还是恨划算的。这里步行到中信银行万达广场乐购都很近。
121.41379,31.23761,曹杨五村,5,元/次,5元/次,,,|SH|, 华东师大北门对面的曹杨五村，停车费很便宜，只要5元/天，小区内大概有200多个地上车位，晚上估计比较难找车位，白天还可以，曹杨五村离金沙路地铁站很近。
121.41706,31.23433,华东师大东门,10,元/次,10元/次,,,|SH|, 华东师大东门，也就是中山北路正门对面的小区可以停车，小区叫做曹家巷小区，停车费是5元/次， 我在附近上班，都是停那个小区。要注意，进小区后别往左拐，往右拐，好停。
121.54608,31.22079,陆家嘴中央公寓,20,元/次,20元/次,,,|SH|, 因为在这附近上班，就停在陆家嘴中央公寓，停车费是20元/天封顶，地下车库，车位比较足，离科技馆世纪公园都很近。另外，世纪公园近期涨价了，改成6元/小时了，大概是从2014年年底开始涨的。
121.61979,31.25417,云桥路宁桥路,10,元/次,10元/次,,,|SH|, 云桥路(以及宁桥路）在金湘路金港路间上有很多划线停车位，10元可停一整天，如果遇到没人过来收费就免费（看运气）。
121.45147,31.21058,衡山路地铁站,5,元/次,5元/次,,,|SH|, 衡山路地铁站附近，高安路徐汇区少年宫的弄堂里，应该是附近很便宜的停车场了，每次去都只给5元，一般都有车位，而且，晚上大门关了也没事，24小时岗亭有人的。
121.49277,31.25611,百宫街,20,元/次,20元/次,,,|SH|, 虹口区星美国际影城对面的百宫街，20元/次，有几十个车位，要注意这里是单行线，只能从南边进入。如果你是晚上9点以后去的话，收费的已经下班了，就可以免费停车了。或者停隔壁避风塘。如果进去吃饭的话，就免费停车。不吃饭的话，也是20元/次。
121.62602,31.21368,广兰公园,5,元/次,5元/次,,,|SH|, 广兰公园停车场，大门在广兰公园南面大概20米，有30来个车位吧。去广兰路坐地铁或者去张江中学踢球可以停这里，跟收费的说是去张江中学，5块一次，不能过夜。
121.41007,31.21791,天山四村,5,元/次,5元/次,,,|SH|, 天山四村有两个门，一个在娄山关路，一个在天山路。里面有很多划线的车位，但是不大好停，而且车位有时候比较紧张。门卫会问你收费，你就说你住在里面**号，给他5块钱就行了。附近有2号线娄山关路地铁站，汇金百盛等商场。
121.61519,31.24774,桂桥路金滇路,10,元/次,10元/次,,,|SH|, 位于桂桥路上，靠近金滇路金桥创科园，有很多划线停车位，停好车会有人过来收钱，10元/次。当然如果你很早来或很晚来，或下大雨没人过来要钱，那就是免费停车了。
121.3551,31.21298,新泾家园,5,元/次,5元/次,,,|SH|, 虹桥机场东边的新泾家园小区，停车5元/天，车位充足，非常便宜，而且新泾家园门口公交3站直达机场航站楼，去机场也很方便。开车去机场坐飞机的话，可以考虑停在这里。
121.45619,31.19773,红旗教师公寓,10,元/次,10元/次,,,|SH|, 东安路地铁站附近的复旦大学附属肿瘤医院，很难停车，没有什么合适的停车场。从斜土路进去的红旗教师公寓，停车费是10元/次，走到肿瘤医院只有两分钟，很方便。
121.5367,31.22446,陆家嘴软件园,5,元/小时,5元/小时,,,|SH|, 陆家嘴软件园靠近地铁46号线浦电路站，杨高南路和东方路中间，有很多写字楼，停车费5元一小时，可停在园区划线车位上。
121.62179,31.26123,禹州金桥国际2期,4,元/小时,4元/小时,,,|SH|, 金豫路100号禹州金桥国际2期，金豫路和金港路都有入口可以进入，停车半小时免费，超过每小时4元，另外金湘路金豫路都有收费停车位，晚上没人收费随便找位置停。
121.42891,31.1776,田林三四村,5,元/次,5元/次,,,|SH|, 田林路田林宾馆隔壁的田林三四村，允许外来车辆进入，因为是小区，所以很便宜，5元/次。入口就在田林路上，我标注的位置，离kfc很近。
121.52501,31.29416,绿色米兰广场,10,元/次,10元/次,,,|SH|, 绿色米兰广场停车场入口在政民路上，停车场很大，当然停的车也蛮多，大概可以停下80辆，广场里有很多商店，小有规模，收费每次10元，不算贵。
121.50899,31.30654,上海市肺科医院,5,元/小时,5元/小时,,,|SH|, 上海市肺科医院入口在政民路上，每小时5元，基本都有位子，可以停下很多车100辆至少的，离复旦大学不远，而且离大学路商业街很近，所以还是不错的选择。
121.542954,31.223539,锦延路杨高南路,15,元/次,15元/次,,,|SH|, 锦延路靠近杨高路的断头路，可以免费停车，停放在路的一侧，能停三四十辆吧。停完直接走小路穿到杨高路，从这里去陆家嘴软件园很方便。旁边是一些饭店和KTV，对面是自由世纪广场。（网友最新更新，价格更新为15元/次）
121.453689,31.181493,龙华寺,10,元/次,10元/次,,,|SH|, 龙华寺东面有个停车场，西面烈士陵园龙华旅游城门口也有停车场也可以停，很大的停车场，能停上百辆，停车费也不贵，10元畅停。不过，这个地方停路边一般也不会被抄牌，只不过没人看管。
121.360872,31.160498,七宝老街二号停车场,10,元/次,10元/次,,,|SH|, 七宝老街二号停车场，10元一天随便停，有七八十个车位，露天的，停车场入口在青年路上，地图上标注的地方。停车费不贵，而且走过去也方便，旁边就是老街，由新镇路或北横沥路进入。
121.507303,31.307021,上海市肺科医院小道,4,元/次,4元/小时,,,|SH|, 这是新发现的停车的地方，入口在武东路上，就是地图上标注的位置，是每小时4元，车位充足，比起肺科医院每小时5元要便宜一些，也就多走100米不到，对于长时间停放的人来说，还是很划算的。
121.534422,31.232111,竹南小区,10,元/次,10元/次,,,|SH|, 世纪大道地铁站附近，潍坊路上的竹南小区里面有许多饭店和棋牌室等一些休闲娱乐场所，所以小区是对外开放停车位的，保安不会问去哪的，直接收10元走人的，里面车位很充足，目测70辆至少是有的，价格还算便宜，可以过夜。
121.556835,31.215822,建华公寓,3,元/次,3元/次,,,|SH|, 世纪公园现在停车费有原来的10元/次涨价到5元/小时了，所以停在建华公寓是个不错的选择，只要每次3元，保安不会问，他知道很多人是到世纪公园的，只要晚上业主回来前走就可以了。因为世纪公园晚上关门的，所以自然问题不大，车位很多但车也多。不过基本白天有位子的。
121.520988,31.235628,东园新村,10,元/次,10元/次,,,|SH|, 去八佰伴附近的朋友，可以停在商城路浦东南路口西北角的东园新村，最近的就是东园三村了，停车费是10元/次，外部车辆可以停，走到八佰伴也就几分钟，去商城路地铁站更近。
121.473621,31.258307,永兴路育婴堂路,20,元/次,20元/次,,,|SH|, 在中兴路和永兴路之间的这段育婴堂路，路边划了一排停车位，大概20多个，距离地铁八号线中兴路站步行仅2分钟，停车费是20元/次，附近是上海贝尔等公司写字楼。
121.470441,31.25613,南北高架虬江路,20,元/次,20元/次,,,|SH|, 南北高架路的永兴路出口下来，第一个路口右转就是虬江路，路边有不少划线车位，有人收费，告诉他停车大半天，收费20元。这里距离八号线中兴路站步行七八分钟，旁边就是共和新路西藏北路等繁华路段。
121.475269,31.258871,中兴路地铁站3号口,20,元/次,20元/次,,,|SH|, 就在8号线中兴路地铁站3号口，有个不小不大的玉石城，前面是停车场，挨着西藏北路，可停20多辆车，告诉收费的停半天，不要发票收费20元。
121.469125,31.206664,大木小区,10,元/次,10元/次,,,|SH|, 嘉善路地铁站南边的大木小区，停车费10元/次，车位充足，允许外部车辆进入，去中小企业总会办事或上班可以去这里。
121.502506,31.1863,耀华路地铁站,20,元/次,20元/次,,,|SH|, 入口在雪野路上，车位相当的充足，几百辆是有的，20元一次，不限时间，离世博展览馆，世博轴，还有耀华路地铁站相当的近。
121.55856,31.214246,樱花坊,3,元/次,3元/次,,,|SH|, 入口在牡丹路上的樱花坊，停车对外开放的，这个小区很奇怪，车位非常充足，每次只要3元。如果门口牡丹路停满的话，可以考虑停这里，也不贵，离世纪公园地铁站也就100米的距离。
121.377159,31.350407,绿地公园广场,10,元/次,10元/次,,,|SH|, 2015-3-21日去顾村公园看花，车很多，所以我停在2号门旁边的绿地公园广场，从镜泊湖路转进去就能看到停车场入口，就在地图上标注的位置，10块/天随便停，车位充足。旁边是顾村公园地铁站复旦大学附属华山医院北院等。
121.532172,31.226244,汉庭酒店(八佰伴店),20,元/次,20元/次,,,|SH|, 崂山路往北不过潍坊路有很多路边停车，价格都不贵，我经常停的是汉庭酒店的停车场，20元/天，露天的停车场，大概有30个车位，入口在崂山路上，旁边是浦电路地铁站。
121.511576,31.410357,吴淞口国际邮轮码头,20,元/次,20元/次,,,|SH|, 吴淞口国际邮轮码头可以停车的，20元/天，我上次去，停了4天，80元，还是可以接受的，有老人小孩的比较方便。停车场在入口处左边，车子先开进去，放下人和行李，再开出来停车。车位足够多，但要注意管理员可能3点半就下班了，然后锁门，这样就停不进去了。
121.31708,31.213286,爱博家园,10,元/次,10元/次,,,|SH|, 爱博家园小区，离虹桥火车站虹桥机场最近的小区，我在那住过，小区停车位很多，不限制外部车辆进入。从这里，坐公交车或者打车，几分钟就能到虹桥火车站了。适合去坐车坐飞机需要长时间停放的朋友。
121.4164,31.233976,华东师范大学（中山北路校区）,5,元/小时,5元/小时,,,|SH|, 华东师范大学停车按小时计费，不足1小时按1小时计，超过1小时按1小时递进，超过8小时至24小时之内按不同车型8小时收费。小型车5元/小时，大型车6元/小时，特大型车7元/小时，特种车免费。校外无证车辆从中山北路门枣阳路门进出
121.518334,31.309675,政民路,15,元/次,15元/次,,,|SH|, 江湾体育场旁，与大学路平行的一条小路(单行道)，有很多路面停车位置，数量至少30+，与高大上的大学路停车收费比起来这边简直太划算了，周末五角场商圈很容易停满，也可以停到这条路，可以从大学路绕过来，注意下是单行线。
121.729912,31.198023,凌空路地铁站,5,元/次,5元/次,,,|SH|, 新建的停车场，目前5元/天，车位数量尚可，比较充足，入口在凌空路地铁站3号出口附近，出口在华洲路，比较方便。
121.409972,31.17431,桂中园,20,元/次,20元/次,,,|SH|, 漕河泾开发区公园旁的桂中园停车场入口处牌子上写的是每小时5块一天最高40元，车位充足，进门正常让保卡打纸卡，出门最多收你20元，什么都不用和保安说。
121.441282,31.199553,恭城路虹桥路,5,元/小时,5元/小时,,,|SH|, 沿着恭城路走到虹桥路，右转公交车站旁的停车场，5元/小时，在徐家汇来说算是比较便宜的了，入口在我标注的地方，地方很大，车位也多。旁边就是徐家汇地铁站出口，很方便。
121.381701,31.175762,井亭大厦,5,元/小时,5元/小时,,,|SH|, 经常去虹泉路的井亭生活广场吃饭，以前路边可以免费停车，现在不能了，附近停车场一般都是10元/小时，井亭大厦应该算是性价比最高的，只要5元/小时，入口就在我标注的位置。
121.36995,31.345662,顾村公园3号门,10,元/次,10元/次,,,|SH|, 镜泊湖路西头的顾村公园3号门停车场，上周六大晴天去的，停车场很大很空。相对于其它几个门，3号门人少很多，一个湖一些草地一些树，比较惬意。缺点是3号门进去走到2号们和1号们那些景点有些远，园内游人多的时候游览车停了，也不能借自行车了。
121.485656,31.259037,上海音像城,5,元/小时,5元/小时,,,|SH|, 宝山路111号上海音像城的停车场，10元二小时，过后再加点，怎么加忘掉了，不过绝对不算贵，只是市场里买东西要谨慎点，奸商多。停车场入口在我标注的位置，旁边没多远就是宝山路地铁站。
121.377048,31.35396,陆翔路358弄,2,元/小时,2元/小时,,,|SH|, 去顾村公园可以停在附近的小区里面，陆翔路358弄，进小区取卡，1小时以内免费，1-4小时2元，4-24小时5元，距离顾村公园大约500米。
121.478701,31.258639,会文路永兴路,10,元/次,10元/次,,,|SH|, 位于会文路上，有一些划线车位，平时停车10元，周末没人收钱。此处距离8号线中兴路地铁站步行不到十分钟，旁边是闸北市北中学新东方学校。
121.405291,31.177017,新思大厦,5,元/小时,5元/小时,,,|SH|, 位于漕河泾地铁站1号口的新思大厦写字楼，有不少车位，停车费是5元小时，一天最多40元，从宜山路进入口，附近是漕河泾开发区公园。
121.544717,31.270268,上海室内纺织大厦,10,元/次,10元/次,,,|SH|, 平凉路上的上海室内纺织大厦，可以对外停车，每次只要10元，不限制时间。对于到对面滨江百联的人来说，这里停车方便，而且长时间停放的话，就比较便宜了，因为对面要5元1小时，这里大概有五六十个车位。
121.573912,31.252905,名人苑,10,元/次,10元/次,,,|SH|, 张杨路2988号的名人苑，停车是每次10元，车位非常充足，里面本身也是个周末的好去处，风景迷人，入口在张杨路上。
121.487432,31.20383,蒙自路中山南一路,5,元/小时,5元/小时,,,|SH|, 停车场在中山南一路蒙自路交叉口西南角，门冲蒙自路开，大概890个车位。每小时5元，40元封顶，不要发票可以商量打折。到马路对面的公安大厅办事很方便，离九院走路过去700米，大概7-8分钟能到，话说九院附近停车真难啊。
121.451681,31.187132,梅园小区,5,元/次,5元/次,,,|SH|, 天钥桥路中山南二路口，梅园小区，停车费是5元/次，也就是8小时内5元封顶，再长我就没停过了。从小区正门也就是我标注的位置进入就可以，附近是上海体育场上海游泳馆地铁站。
121.503866,31.186375,雪野二村,4,元/小时,4元/小时,,,|SH|, 雪野路洪山路的雪野二村停车便宜，只要4元/次，外部车辆也可以进入。附近是耀华路地铁站世博馆世博轴中华艺术馆等。除了小区里，靠近雪野路洪山路路口的停车场也很便宜，10元畅停。
121.415111,31.246785,曹杨一村,5,元/次,5元/次,,,|SH|, 曹杨一到七村，停车都很方便，也很便宜。比如曹杨一村，早上进去晚上出来，只要5元/次，最近天天早上送儿子过去，然后再地铁去上班。我看P司机网友分享了曹杨五村，我就来个总的概况吧。这里也可以包月，200块1个月，再讲讲150都可能。
121.441624,31.195503,斯波特酒店,10,元/次,10元/次,,,|SH|, 南丹路的斯波特酒店停车比较实惠，10元/3小时，时间再长我还没停过，这个价格在徐家汇来说，算是很不错的了。附近是徐汇区政府光启公园徐家汇地铁站等。
121.46581,31.207938,徐汇区肇嘉浜路389号,20,元/次,20元/次,,,|SH|, 嘉善路地铁站附近，肇嘉浜路389号(往里走后再左拐停车场内) 389号入口有个黑黑的牌子，御泉会所，进去后左捌进到一个废旧学校的操场，对面是个古玩城，按次停车20元，可过夜包月是300。
121.611434,31.247927,金沪路1147号,10,元/次,10元/次,,,|SH|, 一般是从桂桥路那边的门进去，停车场在金沪路1147号，也就是金沪路1118号的对面，也可以从金沪路这边进去。停车场一般早上有人收费，10元/天，车位比较紧张，下午可能有空的车位。
121.447562,31.197411,南馨公寓,20,元/次,20元/次,,,|SH|, 天钥桥路180弄，见阿姨奶茶铺右转，不过夜每次20元/次，过夜40元/次，在徐家汇地铁站附近算是很实惠的了。
121.54805,31.27435,大桥街道老年公寓,10,元/次,10元/次,,,|SH|, 平凉路上的大桥街道老年公寓门口有块空地，现在被圈起来作为停车场了，一共有60个位子不到，有人看管，每次10元，可以过夜。停车方便，也不贵。附近有很多居民也停这。
121.440202,31.416267,乐业一村,5,元/次,5元/次,,,|SH|, 在中冶医院对面的乐业一村，一小时内免费，超过无论停多久都是五块钱，去医院的话建议停这里，在春雷路上有两个入口。
121.490289,31.263187,东宝百货,20,元/次,20元/次,,,|SH|, 东宝兴路的东宝百货楼下，大概有二三十个车位20块畅停，附近是新世界百货精武大厦等。价格还可以，适合长时间停放的车友们，一般都有车位。
121.499695,31.191789,月亮船,20,元/次,20元/次,,,|SH|, 上周去月亮船，也就是沙特馆，将车停在月亮船的停车场，20元/次，一般都有空位，价格挺实惠。停车场的入口就在8号线中华艺术宫站的四号出口处，来来往往的车辆还挺多的。对面就是梅赛德斯奔驰中心世博源。
121.501024,31.257692,名江七星城,10,元/次,10元/次,,,|SH|, 商丘路与梧州路之间的东余杭路上，紧靠名江七星城小区，白天有人收费，10元/次。晚上免费停，但是第二天要早晨4点多，在收费人员过来时开走。
121.449402,31.252182,富丽大厦,10,元/次,10元/次,,,|SH|, 入口处位于普陀路靠近江宁路，地图上标注的位置，这段路是单行线，只能从江宁路进入，露天停车场，车位大约有40个左右，附近是纺一医院音乐广场等。
121.59513,31.246568,黄杨路,10,元/次,10元/次,,,|SH|, 黄杨路边有划线，也有停车收费的牌子，不过收费大姐并不一定在，在的话跟她说一下也是10元/次。到附近的妇幼保健院产检看病都不算太远，走一走能省不少钱呢。
121.599235,31.268007,金桥新村四街坊,4,元/次,4元/次,,,|SH|, 到长岛路逛街看电影，停路边是要被贴条的，而且交警经常来。所以停到旁边的金桥新村四街坊里去，我点的位置进入。保安都是按次收费，有时收4元，有时收5元，算是便宜的了，而且比停路边安全多了。
121.586246,31.254703,金杨七街坊,4,元/次,4元/次,,,|SH|, 到金杨路金杨商业街逛街停车很不方便，路边还很容易被贴条，停到金杨七街坊小区里面来，4元每次，车位充足，入口就在我标注的位置。
121.328181,31.144973,沪亭路沪松公路,2,元/小时,2元/小时,,,|SH|, 九亭地铁站附近，入口和出口均在沪亭路西侧和沪松公路南侧的转角处，露天停车场，停车费是2元/小时，8小时內10元封顶。约有50-60个停车位，方便坐地铁的朋友P+R。